Mes,Fecha,Turno,Ubicación/Equipo,Especialidad,Observaciones,Inicio detención,Fin detención,Detención (h),Detención (min.),Grupo,ACR o APT
8,2025-08-04,1,Nave Prensas GLT,Serv. General,se realizó retiro de petróleo para calefactores de prensas GLT 40 lts aprox.,23:45:00,01:25:00,0 days 01:40:00,100,Planta,
8,2025-08-04,1,MOLDURERA WEINING,Mecánica,se repone grasa a grasera de cepilladora H23,00:00:00,00:00:00,0 days 00:00:00,0,Cepillado,
8,2025-08-04,1,MOLDURERA 1,Mecánica,se desarman 3 cabezales y se dejan cuchillos en zona de herramientas de corte.,00:00:00,00:00:00,0 days 00:00:00,0,Cepillado,
8,2025-08-04,1,MOLDURERA 1,Mecánica,Se arma 1 cabezal y se entrega a operadora,00:00:00,00:00:00,0 days 00:00:00,0,Cepillado,
8,2025-08-04,1,TROZADORA 1 (AZUL),Mecánica,Se revisa problemas de tensión de correa y se chequea estado de correa se encuentra en buenas condiciones,00:00:00,00:00:00,0 days 00:00:00,0,Trozado,
8,2025-08-04,2,Oficinas adm.,Eléctrica,Instalación de 3 focos led solares al costado sur de oficinas administración.,00:00:00,00:00:00,0 days 00:00:00,0,Planta,
8,2025-08-04,2,Taller,Mecánica,Levantamiento de ganchos de tecle de 2 TON y ubicación de tecle pórtico junto a Prensa CLT,00:00:00,00:00:00,0 days 00:00:00,0,Taller,
8,2025-08-04,2,Taller,Eléctrica,"Revisión de tablero de control, Limpieza, y revisión de cableado.",00:00:00,00:00:00,0 days 00:00:00,0,Taller,
8,2025-08-04,2,MOLDURERA WEINING,Neumática,Ajuste de presión en cargadores de avance,00:00:00,00:00:00,0 days 00:00:00,0,Cepillado,
8,2025-08-04,2,Nave Prensas GLT,Serv. General,se realizó retiro de petróleo para calefactores de prensas GLT 40 lts aprox.,00:00:00,00:00:00,0 days 00:00:00,0,Planta,
8,2025-08-04,2,FINGER 2 (24 mts),Mecánica,Taller: Se trabaja en modificación de soporte en bandeja de lamparas infrarrojas,00:00:00,00:00:00,0 days 00:00:00,0,Finger,
8,2025-08-04,2,Taller,Serv. General,Limpieza de boquillas de pulverizadora de espalda utilizada en prensas,00:00:00,00:00:00,0 days 00:00:00,0,Taller,
8,2025-08-04,2,K2,Neumática,levantamiento de caja del manómetro regulador,00:00:00,00:00:00,0 days 00:00:00,0,CNC,
8,2025-08-04,2,FINGER 2 (24 mts),Mecánica,Retiro de bandeja porta lamparas infrarrojas para modificar la base soportante,00:00:00,00:00:00,0 days 00:00:00,0,Finger,
8,2025-08-04,2,MOLDURERA WEINING,Hidráulica,Inspección de nivel en bomba de lubricación de mesa de entrada,00:00:00,00:00:00,0 days 00:00:00,0,Cepillado,
8,2025-08-04,2,Planta,Eléctrica,Corte de energía; Se coordina reposición de suministro y revisión interna de líneas y tableros. (Poste chocado),00:00:00,00:00:00,0 days 00:00:00,0,Planta,
8,2025-08-05,1,Nave Prensas GLT,Serv. General,Se realizó retiro de petróleo para calefactores de prensas GLT 40 lts aprox.,00:00:00,00:00:00,0 days 00:00:00,0,Planta,
8,2025-08-05,1,Generador Planta,Serv. General,Se reabastece con 120 litros de petróleo quedando en 80%,00:00:00,00:00:00,0 days 00:00:00,0,Planta,
8,2025-08-05,1,K2,Eléctrica,Se repara encoder lineal para repuesto de máquina K2,00:00:00,00:00:00,0 days 00:00:00,0,CNC,
8,2025-08-05,1,Terminaciones,Eléctrica,Se repara lijadora de banda (cable dañado),00:00:00,00:00:00,0 days 00:00:00,0,Terminaciones,
8,2025-08-05,1,Planta,Eléctrica,Se retira cable desde generador a tablero de lado portería; Se normaliza conecciones hacia TDF galpón GLT.,00:00:00,00:00:00,0 days 00:00:00,0,Planta,
8,2025-08-05,1,MOLDURERA 1,Mecánica,Se arman 2 cabezales para moldurera SCM,00:00:00,00:00:00,0 days 00:00:00,0,Cepillado,
8,2025-08-05,1,Nave Prensas GLT,Serv. General,Se realizó retiro de petróleo para calefactores de prensas GLT 30 lts aprox.,00:00:00,00:00:00,0 days 00:00:00,0,Planta,
8,2025-08-05,2,MOLDURERA WEINING,Eléctrica,Se revisa problema de partida de equipo al revisar su control se encuentra contacto auxiliar suelto en guardamotor.,00:00:00,00:00:00,0 days 00:00:00,0,Cepillado,
8,2025-08-05,2,TROZADORA 1 (AZUL),Mecánica,Se enderezan soporte de guía de entrada tronzadora n1 y se reponen pernos m6,00:00:00,00:00:00,0 days 00:00:00,0,Trozado,
8,2025-08-05,2,Terminaciones,Eléctrica,Se realiza cambio de enchufe volante 220 Volt a lijadora orbital makita,00:00:00,00:00:00,0 days 00:00:00,0,Terminaciones,
8,2025-08-05,2,Taller,Mecánica,Carro porta cabezales: Limpieza y desarme de carro y fresas. Se pinta y reparan puertas (Avance 70%),00:00:00,00:00:00,0 days 00:00:00,0,Taller,
8,2025-08-05,2,Taller,Mecánica,Se trabaja en modificación de base soportación de lamparas infrarrojas Finger 2,00:00:00,00:00:00,0 days 00:00:00,0,Taller,
8,2025-08-05,2,MOLDURERA WEINING,Mecánica,Se libera cabezal n5 para bajar puente de arrastre lo cual no permitía bajar por trabamiento contra la mesa fija.,00:00:00,00:00:00,0 days 00:00:00,0,Cepillado,
8,2025-08-05,2,FINGER 2 (24 mts),Eléctrica,Se normaliza control de accionamiento de cargadores pasando por sistema de parada de emergencia.,00:00:00,00:00:00,0 days 00:00:00,0,Finger,
8,2025-08-06,1,Nave Prensas GLT,Serv. General,Se realizó relleno de calefactores de prensas GLT 40 lts aprox,00:00:00,00:00:00,0 days 00:00:00,0,Planta,
8,2025-08-06,1,Taller,Mecánica,Se sacan pomeles de cajón para herramientas de cortes y se fabrica Puerta faltaría soldar pomeles y pintar,00:00:00,00:00:00,0 days 00:00:00,0,Taller,
8,2025-08-06,1,MOLDURERA WEINING,Eléctrica,"Se normaliza parada de emergencia salida de H23,(control avance)",00:00:00,00:00:00,0 days 00:00:00,0,Cepillado,
8,2025-08-06,1,K2,Eléctrica,Mantención a T.D.FyC; más unidad de refrigeración de tablero eléctrico,00:00:00,00:00:00,0 days 00:00:00,0,CNC,
8,2025-08-06,1,Planta,Serv. General,Mantención a unidad de filtros agua de bombas agua planta.,00:00:00,00:00:00,0 days 00:00:00,0,Planta,
8,2025-08-06,2,FINGER 3,Mecánica,Se modifica recorrido de tope superior carro,00:00:00,00:00:00,0 days 00:00:00,0,Finger,
8,2025-08-06,2,Encoladora GLT,Serv. General,Se realiza limpieza de peine encoladora y se corta oring entrega operador,00:00:00,00:00:00,0 days 00:00:00,0,Prensas,
8,2025-08-06,2,Encoladora GLT,Serv. General,Se fabrica puntas para limpieza de peine encoladora glt,00:00:00,00:00:00,0 days 00:00:00,0,Prensas,
8,2025-08-06,2,Nave Prensas GLT,Serv. General,Se retira 40 lts de petróleo y relleno de calefactores en prensa glt,00:00:00,00:00:00,0 days 00:00:00,0,Planta,
8,2025-08-06,2,Encoladora GLT,Mecánica,Se conecta tenaza a tapa de saca de cola para levantarla y así ocupar el máximo de cola.,00:00:00,00:00:00,0 days 00:00:00,0,Prensas,
8,2025-08-06,2,PRENSA GLT CURVA,Mecánica,Se trabaja en colocar manta calefactora a saca de cola en prensa curva.,00:00:00,00:00:00,0 days 00:00:00,0,Prensas,
8,2025-08-06,2,Terminaciones,Eléctrica,"Se entrega lijadora orbital y se repara extensión eléctrica de 220 Volt, enchufe quebrado",00:00:00,00:00:00,0 days 00:00:00,0,Terminaciones,
8,2025-08-06,2,PRENSA GLT CURVA,Eléctrica,se instala extensión monofásica de 220 Volt para alimentar manta calefactora para la cola,00:00:00,00:00:00,0 days 00:00:00,0,Prensas,
8,2025-08-06,2,Taller,Mecánica,"Se prepara material, se dimensiona plancha diamantada y se pinta para puerta chica de salida mold. Rex",00:00:00,00:00:00,0 days 00:00:00,0,Taller,
8,2025-08-06,2,PRENSA GLT CURVA,Mecánica,Armando del peine encolador prensa curva,00:00:00,00:00:00,0 days 00:00:00,0,Prensas,
8,2025-08-06,2,Taller,Mecánica,Se trabaja en modificación de base soportación de lamparas infrarrojas Finger 2,00:00:00,00:00:00,0 days 00:00:00,0,Taller,
8,2025-08-06,2,FINGER 2 (24 mts),Mecánica,"Se suelda base soporte cilindro hidráulico en taller, queda enfriando para ser instalada en T1.",00:00:00,00:00:00,0 days 00:00:00,0,Finger,
8,2025-08-07,1,PBA,Eléctrica,Se realiza mantención a tableros de distribución fuerza y control y unidades de climatizacion de tableros eléctricos.,00:00:00,00:00:00,0 days 00:00:00,0,CNC,
8,2025-08-07,1,Sala de compresores,Eléctrica,"Se realiza limpieza completa a compresores,(secador de aire,radiadores,cubículo eléctrico)",00:00:00,00:00:00,0 days 00:00:00,0,Planta,
8,2025-08-07,1,Sala de compresores,Eléctrica,Limpieza a sala de compresores y t.d.f,00:00:00,00:00:00,0 days 00:00:00,0,Planta,
8,2025-08-07,1,FINGER 2 (24 mts),Mecánica,"Montaje de cilindro y cambio de pernos Parker de 1/2""",22:00:00,23:59:00,0 days 01:59:00,119,Finger,ACR
8,2025-08-07,1,Taller,Mecánica,Carro portacabezales: Se termina de soldar y pintar,00:00:00,00:00:00,0 days 00:00:00,0,Taller,
8,2025-08-07,1,REX,Eléctrica,Cambio de fusible protección motor cabezal horizontal superior,04:30:00,04:40:00,0 days 00:10:00,10,Cepillado,
8,2025-08-07,2,Nave Prensas GLT,Serv. General,Se retira 40 lts de petróleo y relleno de calefactores en prensa glt,00:00:00,00:00:00,0 days 00:00:00,0,Planta,
8,2025-08-07,2,MOLDURERA WEINING,Mecánica,Se repara falla en tuerca de bronce primera caja puente de levante y se repone chaveta en eje accionamiento de última caja,08:30:00,14:00:00,0 days 05:30:00,330,Cepillado,ACR
8,2025-08-07,2,FINGER 2 (24 mts),Mecánica,Se ajusta husillo de sierra y cabezal fresador; Se centra cargador móvil de prensa y libera manivela de ajuste altura.,09:30:00,12:00:00,0 days 02:30:00,150,Finger,ACR
8,2025-08-07,2,TROZADORA 2 (VERDE),Mecánica,Se reponen pernos hex. a guía lateral de salida y se fabrican soportes adicionales; quedan instalados,12:00:00,12:15:00,0 days 00:15:00,15,Trozado,
8,2025-08-07,2,PRENSA GLT N°3 (16 MTS),Neumática,"Se regula presión de bajada para cilindro, ya que no cortaba",12:25:00,12:35:00,0 days 00:10:00,10,Prensas,
8,2025-08-07,2,MOLDURERA WEINING,Hidráulica,Se pone en funcionamiento la bomba de lubricación de mesa H 23,00:00:00,00:00:00,0 days 00:00:00,0,Cepillado,
8,2025-08-07,2,K2,Serv. General,Se revisa bomba de pozo y se deja operativa.,00:00:00,00:00:00,0 days 00:00:00,0,CNC,
8,2025-08-07,2,Taller,Mecánica,Se termina modificación de base soportación de lamparas infrarrojas Finger 2,00:00:00,00:00:00,0 days 00:00:00,0,Taller,
8,2025-08-07,2,Taller,Eléctrica,Se instala extensión de alimentación trifásica puente grúa galpón GLT,00:00:00,00:00:00,0 days 00:00:00,0,Taller,
8,2025-08-08,1,Nave Prensas GLT,Serv. General,Se retira 40 lts de petróleo y relleno de calefactores en prensa glt,00:00:00,00:00:00,0 days 00:00:00,0,Planta,
8,2025-08-08,1,FINGER 3,Neumática,Se reparan fugas en conectores de prensas 2 y 3,00:00:00,00:00:00,0 days 00:00:00,0,Finger,
8,2025-08-08,1,MOLDURERA WEINING,Eléctrica,"Falla en control de avance, débil accionamiento contacto de contactor de control",07:40:00,07:50:00,0 days 00:10:00,10,Cepillado,
8,2025-08-08,1,PRENSA CLT,Eléctrica,Mantenimiento preventivo a tableros eléctricos de fuerza y control.,00:00:00,00:00:00,0 days 00:00:00,0,Prensas,
8,2025-08-08,1,REX,Eléctrica,Mantenimiento preventivo a tableros eléctricos de fuerza y control.,00:00:00,00:00:00,0 days 00:00:00,0,Cepillado,
8,2025-08-08,1,PRENSA GLT N°3 (16 MTS),Eléctrica,Se revisa Parada de emergencia en tablero de control,00:00:00,00:00:00,0 days 00:00:00,0,Prensas,
8,2025-08-08,1,PRENSA GLT N° 1 (9 MTS),Eléctrica,Mantenimiento preventivo a tableros eléctricos de fuerza y control.,00:00:00,00:00:00,0 days 00:00:00,0,Prensas,
8,2025-08-11,1,Encoladora GLT,Neumática,Se cambian O-ring de actuador de encoladora,00:00:00,00:00:00,0 days 00:00:00,0,Prensas,
8,2025-08-11,1,Encoladora GLT,Serv. General,Se rellenan calefactores de prensas,00:00:00,00:00:00,0 days 00:00:00,0,Prensas,
8,2025-08-11,1,Encoladora GLT,Serv. General,Se entrega a operador depósito con pasta desmoldante.,00:00:00,00:00:00,0 days 00:00:00,0,Prensas,
8,2025-08-11,1,Taller,Serv. General,Se reparan 2 raspadores de mold. REX,00:00:00,00:00:00,0 days 00:00:00,0,Taller,
8,2025-08-11,1,Sistema extracción,Eléctrica,Se realiza inspección a motor de extracción lado oriente. queda operativo,00:00:00,00:00:00,0 days 00:00:00,0,Planta,
8,2025-08-11,1,Taller,Eléctrica,"Se instala enchufe trifásico en tablero de puente grúa, pendiente cableado",00:00:00,00:00:00,0 days 00:00:00,0,Taller,
8,2025-08-11,1,Taller,Eléctrica,Se trabaja en proyecto sistema bocina planta. Avance 30%,00:00:00,00:00:00,0 days 00:00:00,0,Taller,
8,2025-08-11,1,MOLDURERA WEINING,Mecánica,"Se realiza inspección y monitoreo a caja de levante, sin novedad.",00:00:00,00:00:00,0 days 00:00:00,0,Cepillado,
8,2025-08-11,2,FINGER 2 (24 mts),Mecánica,Instalación de soportes para lámparas infrarrojas.,00:00:00,00:00:00,0 days 00:00:00,0,Finger,
8,2025-08-11,2,MOLDURERA WEINING,Hidráulica,"Se revisa alerta de mal funcionamiento, se rellena unidad hidraulica sistema lubricación de bancada.",00:00:00,00:00:00,0 days 00:00:00,0,Cepillado,
8,2025-08-11,2,MOLDURERA WEINING,Eléctrica,Se regula el tiempo de intervalos a central de lubricación,00:00:00,00:00:00,0 days 00:00:00,0,Cepillado,
8,2025-08-11,2,Nave Prensas GLT,Serv. General,Se retira 40 lts de petróleo y relleno de calefactores en prensa glt,00:00:00,00:00:00,0 days 00:00:00,0,Planta,
8,2025-08-11,2,Taller,Mecánica,Finger 2: Se fabrica y termina tope de largo lamelas. Pendiente instalar.,00:00:00,00:00:00,0 days 00:00:00,0,Taller,
8,2025-08-11,2,PRENSA CLT,Mecánica,"Limpieza de cilindros de alimentación de adhesivo, se reponen o'rings a ambos cilindros y se entregan a operador",00:00:00,00:00:00,0 days 00:00:00,0,Prensas,
8,2025-08-11,2,FINGER 3,Eléctrica,"Problema falla vdf avance carro finger 3,problema switch reset dañado y varistor de fuente dañado. Queda operativo",12:40:00,16:30:00,0 days 03:50:00,230,Finger,ACR
8,2025-08-12,1,MOLDURERA WEINING,Eléctrica,Se realiza cambio de parada de emergencia lado poniente fuera de caseta,04:00:00,05:15:00,0 days 01:15:00,75,Cepillado,ACR
8,2025-08-12,1,PBA,Mecánica,Pérdida de posición de brazo intercambiador elementos de corte,02:00:00,08:00:00,0 days 06:00:00,360,CNC,ACR
8,2025-08-12,1,PRENSA GLT N°3 (16 MTS),Hidráulica,Se regula presión de transductor de prensa N°3 lado oriente,00:00:00,00:00:00,0 days 00:00:00,0,Prensas,
8,2025-08-12,1,Taller,Serv. General,Se realiza orden y aseo de taller de mantención.,00:00:00,00:00:00,0 days 00:00:00,0,Taller,
8,2025-08-12,2,PBA,Mecánica,"Pérdida de posición de brazo intercambiador elementos de corte, queda operativo",08:00:00,08:55:00,0 days 00:55:00,55,CNC,APT
8,2025-08-12,2,Nave Prensas GLT,Serv. General,Se retira 40 lts de petróleo y relleno de calefactores en prensa glt,00:00:00,00:00:00,0 days 00:00:00,0,Planta,
8,2025-08-12,2,Casino,Serv. General,Se realiza cambio de 2 galones de gas de 45 Kg. c/u. quedan conectados,00:00:00,00:00:00,0 days 00:00:00,0,Planta,
8,2025-08-12,2,Generador Planta,Hidráulica,Se rellena generador con 60 litros de petróleo y 1 litro aprox de aceite 15-40 móvil,00:00:00,00:00:00,0 days 00:00:00,0,Planta,
8,2025-08-12,2,MOLDURERA WEINING,Hidráulica,Se rellena bomba de lubricación mesa fija H23,00:00:00,00:00:00,0 days 00:00:00,0,Cepillado,
8,2025-08-12,2,REX,Mecánica,Se fija ducto de extracción cabezal derecho.,00:00:00,00:00:00,0 days 00:00:00,0,Cepillado,
8,2025-08-12,2,MOLDURERA 1,Serv. General,Se realiza armado y cambio de cuchillos a 3 cabezales.,00:00:00,00:00:00,0 days 00:00:00,0,Cepillado,
8,2025-08-12,2,FINGER 2 (24 mts),Eléctrica,Se instalan bandejas de proyecto lamparas infrarrojas y .se ajusta altura .,00:00:00,00:00:00,0 days 00:00:00,0,Finger,
8,2025-08-12,2,FINGER 2 (24 mts),Mecánica,Se fabrica e instala tope de corte de lamelas,00:00:00,00:00:00,0 days 00:00:00,0,Finger,
8,2025-08-12,2,MOLDURERA 1,Serv. General,Se desarman y se retiran cuchillos en mal estado a 2 cabezales; se instalan cuchillos nuevos en cabezales y son entregados a operadora,00:00:00,00:00:00,0 days 00:00:00,0,Cepillado,
8,2025-08-13,1,Nave Prensas GLT,Serv. General,Se cargan con 40 litros de petróleo a los calefactores de glt,00:00:00,00:00:00,0 days 00:00:00,0,Planta,
8,2025-08-13,1,Taller,Mecánica,Se prepara material y se dimensiona a medidas de mesa glt encoladora; avance 60%,00:00:00,00:00:00,0 days 00:00:00,0,Taller,
8,2025-08-13,1,Taller,Eléctrica,Se trabaja en tablero para el control de bocina fuera de laboratorio. Falta programa del reloj control según requerimiento de prevención.,00:00:00,00:00:00,0 days 00:00:00,0,Taller,
8,2025-08-13,1,FINGER 2 (24 mts),Mecánica,Se ajusta máquina finger se regula ángulo de sierra circular.,00:00:00,00:00:00,0 days 00:00:00,0,Finger,
8,2025-08-13,1,FINGER 2 (24 mts),Mecánica,Se ajustar zapata lado poniente se desplaza,00:00:00,00:00:00,0 days 00:00:00,0,Finger,
8,2025-08-13,2,MOLDURERA 1,Mecánica,Se desarman 4 cabezales; se retiran cuchillos en mal estado y se instalan cuchillos nuevos,00:00:00,00:00:00,0 days 00:00:00,0,Cepillado,
8,2025-08-13,2,PBA,Hidráulica,"Lubricación en ejes Y y Z, ruedas de riel principal de traslado",00:00:00,00:00:00,0 days 00:00:00,0,CNC,
8,2025-08-13,2,PBA,Mecánica,PVA se desmontan protecciones y cadenas de transmisión para hacer cambio de soporte P 211 Lado sur mesa de entrada se deja operativa,11:11:00,12:00:00,0 days 00:49:00,49,CNC,APT
8,2025-08-13,2,TROZADORA 2 (VERDE),Eléctrica,Se revisa y se resetea protección de motor cinta de salida,00:00:00,00:00:00,0 days 00:00:00,0,Trozado,
8,2025-08-13,2,Planta,Mecánica,Se solda pletina porta candado en bodega autoclave .,00:00:00,00:00:00,0 days 00:00:00,0,Planta,
8,2025-08-13,2,FINGER 2 (24 mts),Mecánica,Se ajusta paralelismo de sierra escuadradora y fresas.,00:00:00,00:00:00,0 days 00:00:00,0,Finger,
8,2025-08-13,2,FINGER 2 (24 mts),Eléctrica,"Se instala tablero eléctrico de control lámparas infrarrojas; pendiente habilitar, 80%",00:00:00,00:00:00,0 days 00:00:00,0,Finger,
8,2025-08-13,2,REX,Mecánica,"Se retiran protecciones tipo biombo para trabajar en taller, se solicita modificara altura.",00:00:00,00:00:00,0 days 00:00:00,0,Cepillado,
8,2025-08-14,1,MOLDURERA WEINING,Mecánica,"Falla de tuerca de bronce de 1 caja de levante de puente de h-23 se alienación, se lubrica y queda operativa",03:15:00,05:30:00,0 days 02:15:00,135,Cepillado,ACR
8,2025-08-14,1,FINGER 2 (24 mts),Mecánica,Se revisa junto a operador falla en prensa y se reaprietan pernos de guías laterales de recorrido prensa.,00:00:00,00:00:00,0 days 00:00:00,0,Finger,
8,2025-08-14,1,Nave Prensas GLT,Serv. General,Se cargan con 40 litros de petróleo a los calefactores de glt,00:00:00,00:00:00,0 days 00:00:00,0,Planta,
8,2025-08-14,1,Taller,Mecánica,Se trabaja en fabricación de extensión de mesa polines prensa curva,00:00:00,00:00:00,0 days 00:00:00,0,Taller,
8,2025-08-14,2,PRENSA GLT CURVA,Hidráulica,Se reaprieta conector de bomba hidraulica central de carro lodo poniente,00:00:00,00:00:00,0 days 00:00:00,0,Prensas,
8,2025-08-14,2,MOLDURERA WEINING,Mecánica,"Se realiza ajuste de cargador de entrada, se reaprietan pernos de bancada y tuerca de desplazamiento; Cabezal n°5 se monta correa accionamiento y se tensa; Cabezal n°6 se encuentran pernos sueltos en base de motor, se reaprietan y tensa su correa accionamiento.",12:15:00,13:40:00,0 days 01:25:00,85,Cepillado,ACR
8,2025-08-14,2,Terminaciones,Mecánica,Se realiza reparación a cepilladora de mano; cambio de rodillo y eje por desgaste radial de componentes.,00:00:00,00:00:00,0 days 00:00:00,0,Terminaciones,
8,2025-08-14,2,Taller,Mecánica,"K2: Se trabaja en modificación de protección tipo biombo (reja), queda instalada.",00:00:00,00:00:00,0 days 00:00:00,0,Taller,
8,2025-08-14,2,Taller,Mecánica,Moldurera REX: Se fabrica plataforma para proyecto de mejora mesa de entrada,00:00:00,00:00:00,0 days 00:00:00,0,Taller,
8,2025-08-18,1,Nave Prensas GLT,Serv. General,Se cargan con 40 litros de petróleo a los calefactores de glt,00:00:00,00:00:00,0 days 00:00:00,0,Planta,
8,2025-08-18,1,Encoladora GLT,Mecánica,Se fabrica o-ring para peine de prensa,00:00:00,00:00:00,0 days 00:00:00,0,Prensas,
8,2025-08-18,1,REX,Hidráulica,Se realiza lubricación preventiva equipo,00:00:00,00:00:00,0 days 00:00:00,0,Cepillado,
8,2025-08-18,1,FINGER 1 (6 mts),Eléctrica,Se realiza inspección y limpieza preventiva de tablero electrico.,00:00:00,00:00:00,0 days 00:00:00,0,Finger,
8,2025-08-18,1,Planta,Eléctrica,Sala red de incendios: Se realiza inspección y limpieza preventiva de tablero electrico.,00:00:00,00:00:00,0 days 00:00:00,0,Planta,
8,2025-08-18,2,Nave Prensas GLT,Serv. General,Se cargan con 40 litros de petróleo a los calefactores de glt,00:00:00,00:00:00,0 days 00:00:00,0,Planta,
8,2025-08-18,2,MOLDURERA 1,Mecánica,Se desmonta husillo inferior y se traslada a taller para cambio de rodamientos; Queda husillo armado con rodamientos nuevos (6011-6308),00:00:00,00:00:00,0 days 00:00:00,0,Cepillado,
8,2025-08-18,2,FINGER 2 (24 mts),Mecánica,Se regula guía lateral (operacional) y se instalan centradores en eje pivote de 1era zapata,00:00:00,00:00:00,0 days 00:00:00,0,Finger,
8,2025-08-18,2,FINGER 3,Mecánica,Se normaliza fijación de guías móviles de mesa de salida,00:00:00,00:00:00,0 days 00:00:00,0,Finger,
8,2025-08-18,2,Taller,Mecánica,"Moldurera REX: Se modifica plataforma de proyecto mesa de entrada, queda instalada.",00:00:00,00:00:00,0 days 00:00:00,0,Taller,
8,2025-08-18,2,PBA,Eléctrica,Empresa contratista y eléctrico de turno revisan falla de cable ethernet cambiando sección de cable ethernet que va desde tablero a PLC de equipo (20 mts.). También se cambia sección que va desde driver's a VDF.,00:00:00,00:00:00,0 days 00:00:00,0,CNC,
8,2025-08-18,2,Taller,Mecánica,Moldurera REX: Se trabaja en mejora de mesa de rodillos,00:00:00,00:00:00,0 days 00:00:00,0,Taller,
8,2025-08-19,1,Nave Prensas GLT,Serv. General,Se cargan con 40 litros de petróleo a los calefactores de glt,00:00:00,00:00:00,0 days 00:00:00,0,Planta,
8,2025-08-19,1,FINGER 2 (24 mts),Mecánica,Se apoya desde el punto de vista mecánico el inicio de proceso confección de lamelas.,00:00:00,00:00:00,0 days 00:00:00,0,Finger,
8,2025-08-19,1,FINGER 3,Mecánica,Se apoya en retirar protección de conjunto fresa e instalando en Finger 2,00:00:00,00:00:00,0 days 00:00:00,0,Finger,
8,2025-08-19,1,REX,Hidráulica,Se realiza lubricación de husillos,00:00:00,00:00:00,0 days 00:00:00,0,Cepillado,
8,2025-08-19,1,Encoladora GLT,Eléctrica,Se repara parada de emergencia a la salida de encoladora.,00:00:00,00:00:00,0 days 00:00:00,0,Prensas,
8,2025-08-19,1,PBA,Eléctrica,Mesa de entrada 1: se resetea eléctricamente protección de motor,00:00:00,00:00:00,0 days 00:00:00,0,CNC,
8,2025-08-19,2,MOLDURERA 1,Mecánica,Se instala husillo con rodamientos nuevos; se realizan pruebas con operador,00:00:00,00:00:00,0 days 00:00:00,0,Cepillado,
8,2025-08-19,2,TROZADORA 2 (VERDE),Eléctrica,Se resetea térmico de cinta de salida; Se instala protección de motor y se reponen pernos de fijación.,00:00:00,00:00:00,0 days 00:00:00,0,Trozado,
8,2025-08-19,2,PRENSA GLT CURVA,Eléctrica,Se repara interruptor de palanca dañado que acciona sistema hidráulico.,00:00:00,00:00:00,0 days 00:00:00,0,Prensas,
8,2025-08-19,2,FINGER 2 (24 mts),Eléctrica,Se instala luz piloto para visualizar funcionamiento de bomba hidráulica.,00:00:00,00:00:00,0 days 00:00:00,0,Finger,
8,2025-08-19,2,Nave Prensas GLT,Serv. General,Se cargan con 40 litros de petróleo a los calefactores de glt,00:00:00,00:00:00,0 days 00:00:00,0,Planta,
8,2025-08-19,2,PRENSA GLT N°3 (16 MTS),Eléctrica,Se regula junto a operador transductores de presión para sistema automático.,00:00:00,00:00:00,0 days 00:00:00,0,Prensas,
8,2025-08-19,2,K2,Mecánica,Se endereza indicador de posicionamiento y girador de vigas,00:00:00,00:00:00,0 days 00:00:00,0,CNC,
8,2025-08-19,2,FINGER 3,Mecánica,Se suelda contratuerca y se cambian pernos con hilo rodado en base de zapata.,00:00:00,00:00:00,0 days 00:00:00,0,Finger,
8,2025-08-19,2,Planta,Mecánica,Bodega autoclave: Se repara aldaba de postura de candado en portón acceso.,00:00:00,00:00:00,0 days 00:00:00,0,Planta,
8,2025-08-20,1,Nave Prensas GLT,Serv. General,Se cargan con 40 litros de petróleo a los calefactores de glt,00:00:00,00:00:00,0 days 00:00:00,0,Planta,
8,2025-08-20,1,MOLDURERA 1,Serv. General,Taller: Se cambian cuchillos a 2 cabezales y se dejan armados disponibles a utilizar,00:00:00,00:00:00,0 days 00:00:00,0,Cepillado,
8,2025-08-20,2,Nave Prensas GLT,Serv. General,Se cargan con 40 litros de petróleo a los calefactores de glt,00:00:00,00:00:00,0 days 00:00:00,0,Planta,
8,2025-08-20,2,FINGER 3,Hidráulica,Se rellena a nivel depósito de unidad hidráulica,00:00:00,00:00:00,0 days 00:00:00,0,Finger,
8,2025-08-20,2,TROZADORA 1 (AZUL),Mecánica,Se repara hilo barrido en estructura para perno M6 que permite instalar protección; se reemplazan pernos nuevos.,00:00:00,00:00:00,0 days 00:00:00,0,Trozado,
8,2025-08-20,2,MOLDURERA WEINING,Neumática,Se instala cilindro neumático de cargador superior adyacente a cabezal n°5,00:00:00,00:00:00,0 days 00:00:00,0,Cepillado,
8,2025-08-20,2,MOLDURERA WEINING,Hidráulica,Se rellena depósito de unidad de lubricación mesa,00:00:00,00:00:00,0 days 00:00:00,0,Cepillado,
8,2025-08-20,2,Encoladora prensa curva,Neumática,se regula presión a actuador de rodillo encoladora,00:00:00,00:00:00,0 days 00:00:00,0,Prensas,
8,2025-08-20,2,FINGER 2 (24 mts),Neumática,se regula presión a unidad por demasiada presión,00:00:00,00:00:00,0 days 00:00:00,0,Finger,
8,2025-08-20,2,Planta,Eléctrica,Se programa reloj bocina para ejercicios compensatorios,00:00:00,00:00:00,0 days 00:00:00,0,Planta,
8,2025-08-20,2,Planta,Eléctrica,Laboratorio: Se realizan mediciones de consumo en tablero eléctrico para proyectar mejora en tablero que permita un balance de consumos.,00:00:00,00:00:00,0 days 00:00:00,0,Planta,
8,2025-08-20,2,Taller,Mecánica,Se avanza estructuralmente en mesa de rodillos para mejora de encoladora prensa curva,00:00:00,00:00:00,0 days 00:00:00,0,Taller,
8,2025-08-20,2,MOLDURERA WEINING,Hidráulica,Se lubrican tuercas de caja levante puente superior,00:00:00,00:00:00,0 days 00:00:00,0,Cepillado,
8,2025-08-21,1,Terminaciones,Eléctrica,Se repara cable dañado de lijadora manual de banda,00:00:00,00:00:00,0 days 00:00:00,0,Terminaciones,
8,2025-08-21,1,PRENSA GLT CURVA,Eléctrica,Se instala exteriormente enchufe 220 (v) a tablero TDF equipo,00:00:00,00:00:00,0 days 00:00:00,0,Prensas,
8,2025-08-21,1,Taller,Mecánica,Se avanza estructuralmente en mesa de rodillos para mejora de encoladora prensa curva,00:00:00,00:00:00,0 days 00:00:00,0,Taller,
8,2025-08-21,1,FINGER 1 (6 mts),Neumática,Se repara fuga de aire comprimido en tubing,00:00:00,00:00:00,0 days 00:00:00,0,Finger,
8,2025-08-21,1,Nave Prensas GLT,Serv. General,Se cargan con 40 litros de petróleo a los calefactores de glt,00:00:00,00:00:00,0 days 00:00:00,0,Planta,
8,2025-08-21,2,Nave Prensas GLT,Serv. General,Se cargan con 40 litros de petróleo a los calefactores de glt,00:00:00,00:00:00,0 days 00:00:00,0,Planta,
8,2025-08-21,2,Taller,Mecánica,Se avanza estructuralmente en mesa de rodillos para mejora de encoladora prensa curva 90 % avance,00:00:00,00:00:00,0 days 00:00:00,0,Taller,
8,2025-08-21,2,Taller,Mecánica,Se termina mejora de mesa moldurera REX y K2; pendiente instalar viernes 22,00:00:00,00:00:00,0 days 00:00:00,0,Taller,
8,2025-08-21,2,Planta,Eléctrica,Laboratorio: Se termina proyecto de bocina reloj para ejercicios compensatorios,00:00:00,00:00:00,0 days 00:00:00,0,Planta,
8,2025-08-21,2,Terminaciones,Eléctrica,Se repara enchufe volante quebrado a extensión eléctrica,00:00:00,00:00:00,0 days 00:00:00,0,Terminaciones,
8,2025-08-25,1,Nave Prensas GLT,Serv. General,Se cargan con 40 litros de petróleo a los calefactores de glt,00:00:00,00:00:00,0 days 00:00:00,0,Planta,
8,2025-08-25,1,Encoladora GLT,Mecánica,Se cambia O-ring de peine cola y actuador neumático.,00:00:00,00:00:00,0 days 00:00:00,0,Prensas,
8,2025-08-25,1,FINGER 2 (24 mts),Hidráulica,"Se retira soporte horquilla de cilindro hidráulico de prensa inferior, se suelda en taller y se deja instalada y en funcionamiento",02:25:00,03:45:00,0 days 01:20:00,80,Finger,ACR
8,2025-08-25,1,Taller,Mecánica,Se termina mesa de encoladora terminada y pintada. Pendiente instalar.,00:00:00,00:00:00,0 days 00:00:00,0,Taller,
8,2025-08-25,1,Planta,Eléctrica,"Se revisa foco en poste lado calle, se encuentra quemado. queda programado para turno día con alza hombre",00:00:00,00:00:00,0 days 00:00:00,0,Planta,
8,2025-08-25,2,Planta,Serv. General,Se retira malla raschel utilizada como techo en sector bodega de materiales,00:00:00,00:00:00,0 days 00:00:00,0,Planta,
8,2025-08-25,2,Encoladora prensa curva,Mecánica,Se instala mesa corta de entrada,00:00:00,00:00:00,0 days 00:00:00,0,Prensas,
8,2025-08-25,2,REX,Mecánica,Se repara y se instala protección de cadena mesa de entrada sentido de avance,00:00:00,00:00:00,0 days 00:00:00,0,Cepillado,
8,2025-08-25,2,K2,Mecánica,Se tensa cadena oruga de mesa de entrada,00:00:00,00:00:00,0 days 00:00:00,0,CNC,
8,2025-08-25,2,Taller,Mecánica,Mold. REX: Se solda pletina de 7 mm para darle altura a mesa de entrada (mejora),00:00:00,00:00:00,0 days 00:00:00,0,Taller,
8,2025-08-25,2,Planta,Eléctrica,"Se cambia foco perimetral 200w entrada portería,anterior con falla.",00:00:00,00:00:00,0 days 00:00:00,0,Planta,
8,2025-08-25,2,TROZADORA 2 (VERDE),Eléctrica,Se repara pull cord parada emergencia,00:00:00,00:00:00,0 days 00:00:00,0,Trozado,
8,2025-08-26,1,Nave Prensas GLT,Serv. General,Se cargan con 40 litros de petróleo a los calefactores de glt,00:00:00,00:00:00,0 days 00:00:00,0,Planta,
8,2025-08-26,1,Planta,Serv. General,"Se rellena nivel de agua a grúa horquilla, indicaba falla en panel.",00:00:00,00:00:00,0 days 00:00:00,0,Planta,
8,2025-08-26,1,K2,Eléctrica,Se resetea equipo para liberar trabamiento de viga con sierras.,00:00:00,00:00:00,0 days 00:00:00,0,CNC,
8,2025-08-26,1,PBA,Neumática,Se normaliza sistema neumático que se encontraba bloqueado,00:00:00,00:00:00,0 days 00:00:00,0,CNC,
8,2025-08-26,1,FINGER 2 (24 mts),Mecánica,Se regula altura de pantallas difusoras 10 mm por pieza que genero incandescencia.,00:00:00,00:00:00,0 days 00:00:00,0,Finger,
8,2025-08-26,1,MOLDURERA WEINING,Mecánica,Se recupera hilo M10 de pernos cuadrante hexagonal alto en taller y se repasa hilo en estructura de máquina (zapata).,00:00:00,00:00:00,0 days 00:00:00,0,Cepillado,
8,2025-08-26,1,FINGER 3,Mecánica,Operador solicita retirar zapata para realizar limpieza y retiro de adhesivo en exceso. queda instalada y operativa,00:00:00,00:00:00,0 days 00:00:00,0,Finger,
8,2025-08-26,1,FINGER 3,Eléctrica,Se instala pulsador reset de prensa y selector de corte sierra.,00:00:00,00:00:00,0 days 00:00:00,0,Finger,
8,2025-08-26,1,FINGER 3,Eléctrica,Se cambian contactos NO - NC de selector de ciclo,00:00:00,00:00:00,0 days 00:00:00,0,Finger,
8,2025-08-26,1,PRENSA GLT N°2 (24 MTS),Eléctrica,Equipo queda bloqueado electrónicamente por desprendimiento de plato de prensa.,00:00:00,00:00:00,0 days 00:00:00,0,Prensas,
8,2025-08-26,2,Terminaciones,Eléctrica,Se repara fresadora y cambia enchufe industrial macho 2p+t,00:00:00,00:00:00,0 days 00:00:00,0,Terminaciones,
8,2025-08-26,2,Terminaciones,Eléctrica,Se fabrican 3 extensiones de 10 metros c/u con enchufe industrial 2p+t. Se entrega una junto a fresadora,00:00:00,00:00:00,0 days 00:00:00,0,Terminaciones,
8,2025-08-26,2,Terminaciones,Eléctrica,"Se repara extensión enchufe volante 10 Amp, enchufes dañados",00:00:00,00:00:00,0 days 00:00:00,0,Terminaciones,
8,2025-08-26,2,PRENSA GLT N°2 (24 MTS),Mecánica,Se retira cilindro de prensa vertical por desprendimiento de cargador. se suelda flange a vástago de cilindro en taller y se deja instalado en equipo,00:00:00,00:00:00,0 days 00:00:00,0,Prensas,
8,2025-08-26,2,FINGER 2 (24 mts),Mecánica,Se repone perno cortado en módulo prensa cilindro horizontal,00:00:00,00:00:00,0 days 00:00:00,0,Finger,
8,2025-08-26,2,FINGER 3,Mecánica,Se solda suple de 10 mm de prensa vertical de carro.,00:00:00,00:00:00,0 days 00:00:00,0,Finger,
8,2025-08-26,2,PBA,Serv. General,Se realizó cambio de sierra en PBA,00:00:00,00:00:00,0 days 00:00:00,0,CNC,
8,2025-08-26,2,MOLDURERA 1,Serv. General,Se arma cabezal para moldurera SCM,00:00:00,00:00:00,0 days 00:00:00,0,Cepillado,
8,2025-08-27,2,Nave Prensas GLT,Serv. General,Se cargan con 40 litros de petróleo a los calefactores de glt,00:00:00,00:00:00,0 days 00:00:00,0,Planta,
8,2025-08-27,2,MOLDURERA 1,Serv. General,Se Arma y entrega 1 cabezal,00:00:00,00:00:00,0 days 00:00:00,0,Cepillado,
8,2025-08-27,2,Taller,Mecánica,Se trabaja en corte de material para trabajos de estructuras (mejoras),00:00:00,00:00:00,0 days 00:00:00,0,Taller,
8,2025-08-27,2,MOLDURERA WEINING,Mecánica,Se realiza mantención preventiva según calendario,00:00:00,00:00:00,0 days 00:00:00,0,Cepillado,
8,2025-08-27,2,MOLDURERA WEINING,Eléctrica,Se realiza mantención preventiva según calendario,00:00:00,00:00:00,0 days 00:00:00,0,Cepillado,
8,2025-08-28,1,Terminaciones,Neumática,Se instala tapón neumático a línea de aire que tenía línea obstruida por no uso.,00:00:00,00:00:00,0 days 00:00:00,0,Terminaciones,
8,2025-08-28,1,TROZADORA 1 (AZUL),Mecánica,Se cambian ambos rodamientos a rodillo trabado de mesa de entrada,00:00:00,00:00:00,0 days 00:00:00,0,Trozado,
8,2025-08-28,1,TROZADORA 2 (VERDE),Eléctrica,Se Ajustan parámetros de corte y se tensa correa dentada.,00:00:00,00:00:00,0 days 00:00:00,0,Trozado,
8,2025-08-28,1,Nave Prensas GLT,Serv. General,Se rellenan con petróleo de bidones los calefactores de glt,00:00:00,00:00:00,0 days 00:00:00,0,Planta,
8,2025-08-28,1,TROZADORA 1 (AZUL),Mecánica,Se regulan en altura los rodillos de arrastre de madera,00:00:00,00:00:00,0 days 00:00:00,0,Trozado,
8,2025-08-28,1,PRENSA GLT N°3 (16 MTS),Hidráulica,Se retira y cambia flexible a cilindro n°13 lado poniente,00:00:00,00:00:00,0 days 00:00:00,0,Prensas,
8,2025-08-28,1,K2,Eléctrica,Se atiende falla alertada en pantalla de sistema de corte de sierra; se revisan encoder y sensores. se realizan pruebas manuales y no presenta la falla solo en automático arroja la falla,00:00:00,00:00:00,0 days 00:00:00,0,CNC,
9,2025-09-01,1,Nave Prensas GLT,Serv. General,Se cargan con 40 litros de petróleo a los calefactores de glt,00:00:00,00:00:00,0 days 00:00:00,0,Planta,
9,2025-09-01,1,FINGER 2 (24 mts),Mecánica,Se retira protección de elementos de corte para que operador realizará cambio de fresas,00:00:00,00:00:00,0 days 00:00:00,0,Finger,
9,2025-09-01,1,Planta,Serv. General,Sala de bombas: Se realiza Limpieza de filtros.,00:00:00,00:00:00,0 days 00:00:00,0,Planta,
9,2025-09-01,1,PRENSA GLT CURVA,Eléctrica,Se cambian contactos eléctricos de interruptor en cilindro hidráulico de presión prensa curva.,00:00:00,00:00:00,0 days 00:00:00,0,Prensas,
9,2025-09-01,2,Nave Prensas GLT,Serv. General,Se cargan con 40 litros de petróleo a los calefactores de glt,00:00:00,00:00:00,0 days 00:00:00,0,Planta,
9,2025-09-01,2,FINGER 3,Mecánica,Se suelda ángulo desoldado de guía deslizante de bandeja adhesivo,00:00:00,00:00:00,0 days 00:00:00,0,Finger,
9,2025-09-01,2,K2,Mecánica,Se cambia grasera de soporte de rodamiento de salida que fue golpeada por viga.,00:00:00,00:00:00,0 days 00:00:00,0,CNC,
9,2025-09-01,2,Planta,Mecánica,Se deja instalada protección dura a poste cambio de ruta alimentación eléctrica galpón CLT/mantención. ,00:00:00,00:00:00,0 days 00:00:00,0,Planta,
9,2025-09-01,2,FINGER 3,Eléctrica,Se resetea VDF por sobrecarga,00:00:00,00:00:00,0 days 00:00:00,0,Finger,
9,2025-09-01,2,FINGER 3,Mecánica,Se ajusta tensión de cadenas avance,00:00:00,00:00:00,0 days 00:00:00,0,Finger,
9,2025-09-01,2,PRENSA GLT N°2 (24 MTS),Eléctrica,Se resetea térmico de unidad hidráulica y se ajusta transductor de presión.,00:00:00,00:00:00,0 days 00:00:00,0,Prensas,
9,2025-09-01,2,MOLDURERA WEINING,Serv. General,"Se reparó una grasera de hidrocentrante, presentaba daños internos atribuibles a manipulación.",00:00:00,00:00:00,0 days 00:00:00,0,Cepillado,
9,2025-09-01,2,PRENSA GLT CURVA,Neumática,Se abre paso de aire (operacional),00:00:00,00:00:00,0 days 00:00:00,0,Prensas,
9,2025-09-02,1,Nave Prensas GLT,Serv. General,Se rellenan con petróleo de bidones los calefactores de glt,00:00:00,00:00:00,0 days 00:00:00,0,Planta,
9,2025-09-02,1,MOLDURERA WEINING,Eléctrica,Se resetea protección térmica de motor cabezal n°7,22:50:00,23:10:00,0 days 00:20:00,20,Cepillado,
9,2025-09-02,1,MOLDURERA WEINING,Eléctrica,Se resetea protección térmica de motor cabezal n°7,01:48:00,01:56:00,0 days 00:08:00,8,Cepillado,
9,2025-09-02,1,Sistema extracción,Eléctrica,Se realiza limpieza a motores de sistema.,00:00:00,00:00:00,0 days 00:00:00,0,Planta,
9,2025-09-02,2,Planta,Serv. General,Se pinta protección de poste sector Silo,00:00:00,00:00:00,0 days 00:00:00,0,Planta,
9,2025-09-02,2,MOLDURERA 1,Serv. General,Se arma cabezal para moldurera SCM,00:00:00,00:00:00,0 days 00:00:00,0,Cepillado,
9,2025-09-02,2,PRENSA GLT N°2 (24 MTS),Neumática,Se desmontan 4 carros prensa lateral para instalar sistema neumático en taller,00:00:00,00:00:00,0 days 00:00:00,0,Prensas,
9,2025-09-02,2,Planta,Serv. General,Se retira cable que iba desde parrón ductos de extracción hacia bodega CLT,00:00:00,00:00:00,0 days 00:00:00,0,Planta,
9,2025-09-02,2,PRENSA CLT,Eléctrica,Se alarga cable de acometida tablero de alimentación,00:00:00,00:00:00,0 days 00:00:00,0,Prensas,
9,2025-09-03,1,Nave Prensas GLT,Serv. General,Se cargan con 40 litros de petróleo a los calefactores de glt,00:00:00,00:00:00,0 days 00:00:00,0,Planta,
9,2025-09-03,1,MOLDURERA WEINING,Hidráulica,Se rellena depósito de unidad de lubricación mesa,00:00:00,00:00:00,0 days 00:00:00,0,Cepillado,
9,2025-09-03,1,MOLDURERA WEINING,Mecánica,Se percibe calamina en lamelas por lo que se revisa zapata de entrada. Se ajusta tuerca de 1era caja de levante,05:07:00,06:35:00,0 days 01:28:00,88,Cepillado,ACR
9,2025-09-03,1,TROZADORA 1 (AZUL),Mecánica,"Se ajustan rodillos cargadores, se regula presión de carga y se alinean",06:10:00,06:35:00,0 days 00:25:00,25,Trozado,
9,2025-09-03,1,Nave Prensas GLT,Serv. General,Se rellenan con petróleo de bidones los calefactores de glt,00:00:00,00:00:00,0 days 00:00:00,0,Planta,
9,2025-09-03,2,TROZADORA 1 (AZUL),Neumática,Se ajusta altura de rodillos cargadores y se regula presión.,00:00:00,00:00:00,0 days 00:00:00,0,Trozado,
9,2025-09-03,2,Nave Prensas GLT,Serv. General,Se cargan con 40 litros de petróleo a los calefactores de glt,00:00:00,00:00:00,0 days 00:00:00,0,Planta,
9,2025-09-03,2,PBA,Eléctrica,Se recupera térmico de protección sistema transmisión cadenas de rodillos por sobre esfuerzo,10:50:00,11:00:00,0 days 00:10:00,10,CNC,
9,2025-09-03,2,PRENSA CLT,Neumática,"Se encuentra prensa lateral torcida, se desmonta junto a cilindro de accionamiento y se cambia prensa. queda instalado el conjunto",00:00:00,00:00:00,0 days 00:00:00,0,Prensas,
9,2025-09-03,2,Encoladora CLT,Eléctrica,"Se limpia sensor que da paso al adhesivo, se encontraba sucio por ende no permitiendo bajar adhesivo.",00:00:00,00:00:00,0 days 00:00:00,0,Prensas,
9,2025-09-03,2,K2,Serv. General,Seguridad: se instala pilar para cadena que limita el acceso a zona de evacuación de vigas.,00:00:00,00:00:00,0 days 00:00:00,0,CNC,
9,2025-09-03,2,Taller,Mecánica,Se comienza a construir plataforma para zona de lubricantes en taller.,00:00:00,00:00:00,0 days 00:00:00,0,Taller,
9,2025-09-04,1,Nave Prensas GLT,Serv. General,Se cargan con 40 litros de petróleo a los calefactores de glt,00:00:00,00:00:00,0 days 00:00:00,0,Planta,
9,2025-09-04,1,TROZADORA 1 (AZUL),Eléctrica,Se alinean rodillos de cargadores y se ajusta sensor,01:20:00,01:35:00,0 days 00:15:00,15,Trozado,
9,2025-09-04,1,TROZADORA 2 (VERDE),Eléctrica,"Se realiza mantenimiento preventivo, se posicionan sensores y se revisa sierra dimensionadora",00:00:00,00:00:00,0 days 00:00:00,0,Trozado,
9,2025-09-04,1,Encoladora prensa curva,Eléctrica,Se instala parada de emergencia a encoladora de prensa curva,00:00:00,00:00:00,0 days 00:00:00,0,Prensas,
9,2025-09-04,2,TROZADORA 1 (AZUL),Mecánica,Se regula altura de rodillos cargadores y se aprietan presiones de manilla reguladora de levante,09:32:00,09:55:00,0 days 00:23:00,23,Trozado,
9,2025-09-04,2,TROZADORA 2 (VERDE),Serv. General,"defecto en corte ancho >145. Mecánico cambia sierra e instala pines de fijación de sierra, además ajusta limitadores neumáticos de cilindro (subida y bajada de sierra).",09:00:00,11:45:00,0 days 02:45:00,165,Trozado,ACR
9,2025-09-04,2,Taller,Mecánica,Se continua con la construir plataforma para zona de lubricantes en taller.,00:00:00,00:00:00,0 days 00:00:00,0,Taller,
9,2025-09-04,2,Encoladora prensa curva,Neumática,Se fabrica e instala soporte para válvula de corte.,00:00:00,00:00:00,0 days 00:00:00,0,Prensas,
9,2025-09-04,2,Taller,Mecánica,Se trabaja en fabricación de soportación de piping neumático para prensas laterales de prensa 2,00:00:00,00:00:00,0 days 00:00:00,0,Taller,
9,2025-09-04,2,FINGER 3,Neumática,Se repara fuga de aire comprimido en tubing y conectores.,00:00:00,00:00:00,0 days 00:00:00,0,Finger,
9,2025-09-08,1,Nave Prensas GLT,Serv. General,Se cargan con 40 litros de petróleo a los calefactores de glt,00:00:00,00:00:00,0 days 00:00:00,0,Planta,
9,2025-09-08,1,Terminaciones,Eléctrica,Se resetea diferencial de sistema alumbrado carpa 4,00:00:00,00:00:00,0 days 00:00:00,0,Terminaciones,
9,2025-09-08,1,FINGER 3,Eléctrica,Se resetea falla de VDF accionamiento carro por sobre consumo,00:00:00,00:00:00,0 days 00:00:00,0,Finger,
9,2025-09-08,1,FINGER 2 (24 mts),Neumática,Se repara válvula neumática 4/2 de sierra de corte,03:15:00,03:30:00,0 days 00:15:00,15,Finger,
9,2025-09-08,1,Terminaciones,Eléctrica,Se reparan 2 extensiones eléctricas y se cambia enchufe a router por enchufes dañados,00:00:00,00:00:00,0 days 00:00:00,0,Terminaciones,
9,2025-09-08,1,FINGER 3,Neumática,"Se retira ""T"" conexión neumática de regulación, se lleva a taller para limpieza y mantención.",07:45:00,08:00:00,0 days 00:15:00,15,Finger,
9,2025-09-08,2,FINGER 3,Neumática,"Se realiza mantención a ""T"" conexión neumática de regulación de caudal, se cambia ""o-ring"" y se instala.",00:00:00,00:00:00,0 days 00:00:00,0,Finger,
9,2025-09-08,2,FINGER 3,Eléctrica,Se resetea falla de VDF accionamiento carro por sobre consumo,00:00:00,00:00:00,0 days 00:00:00,0,Finger,
9,2025-09-08,2,FINGER 3,Eléctrica,Se resetea guardamotor protección sierra escuadradora,00:00:00,00:00:00,0 days 00:00:00,0,Finger,
9,2025-09-08,2,FINGER 2 (24 mts),Eléctrica,Se cambia relé de control de prensa (cilindro hidráulica),00:00:00,00:00:00,0 days 00:00:00,0,Finger,
9,2025-09-08,2,REX,Mecánica,Se instala tapa de motor reductor de avance mesa de entrada,00:00:00,00:00:00,0 days 00:00:00,0,Cepillado,
9,2025-09-08,2,MOLDURERA WEINING,Mecánica,"Se realiza inspección a rodillos cargadores encontrando rodamiento dañados, se programara para mantención de día miércoles.",00:00:00,00:00:00,0 days 00:00:00,0,Cepillado,
9,2025-09-08,2,Planta,Eléctrica,Se comienza con trabajos de soterrar alimentación eléctrica de caldera y secado.,00:00:00,00:00:00,0 days 00:00:00,0,Planta,
9,2025-09-08,2,PRENSA GLT N°2 (24 MTS),Mecánica,Se sueldan platos a vástagos de cilindros retirados el día Viernes. Se dejan instalados quedando en condiciones de operar,00:00:00,00:00:00,0 days 00:00:00,0,Prensas,
9,2025-09-09,1,MOLDURERA WEINING,Mecánica,"Falla de rodamientos en husillo de rodillo superior cargador de entrada, se desmonta conjunto y se cambian rodamientos. Queda instalado.",22:00:00,1900-01-01 00:00:00,0 days 02:00:00,120,Cepillado,ACR
9,2025-09-09,1,MOLDURERA WEINING,Mecánica,"Falla de rodamientos en husillo de rodillo superior cargador de entrada, se desmonta conjunto y se cambian rodamientos. Queda instalado.",00:01:00,04:01:00,0 days 04:00:00,240,Cepillado,ACR
9,2025-09-09,2,REX,Eléctrica,reset a térmico,10:00:00,10:15:00,0 days 00:15:00,15,Cepillado,
9,2025-09-16,2,PRENSA GLT N°2 (24 MTS),Mecánica,Se instalan 2 cilindros; Se desmontan y trabajan en taller 3 cilindros ( soldar cadena y vástago a flange de acople plato,00:00:00,00:00:00,0 days 00:00:00,0,Prensas,
9,2025-09-16,2,MOLDURERA WEINING,Eléctrica,Se repara falla que impedía el avance en automático producto de falla de subida husillo superior. Se limpia contacto NC del contactor,00:00:00,00:00:00,0 days 00:00:00,0,Cepillado,
9,2025-09-16,2,MOLDURERA 1,Mecánica,Se cambia correa 950x50 de husillo inferior,00:00:00,00:00:00,0 days 00:00:00,0,Cepillado,
9,2025-09-16,2,Taller,Serv. General,Se fabrica vaso para retiro de catalizador finger 2 y 3.,00:00:00,00:00:00,0 days 00:00:00,0,Taller,
9,2025-09-16,2,Taller,Hidráulica,Se termina de fabricar estante para lubricantes en tarros de 20 Lts.,00:00:00,00:00:00,0 days 00:00:00,0,Taller,
9,2025-09-17,2,PRENSA GLT N°2 (24 MTS),Mecánica,Se repasan hilos en base de cilindros retirados para soldar vástagos a flange de fijación plato cargador.,00:00:00,00:00:00,0 days 00:00:00,0,Prensas,
9,2025-09-17,2,PRENSA GLT N°2 (24 MTS),Mecánica,Se sueldan cadena y vástagos a flange de 4 cilindros.,00:00:00,00:00:00,0 days 00:00:00,0,Prensas,
9,2025-09-17,2,PRENSA GLT CURVA,Mecánica,"Se repara polipasto de tecle n°2, piolo es mal enrollada por lo que se trabo y quedó más larga.",00:00:00,00:00:00,0 days 00:00:00,0,Prensas,
9,2025-09-17,2,PRENSA GLT CURVA,Eléctrica,Se deja fuera de servicio tecle n°2 ya que operador intenta dar avance a pórtico momento que se genera tirón de cable alimentación elec.,00:00:00,00:00:00,0 days 00:00:00,0,Prensas,
9,2025-09-17,2,MOLDURERA WEINING,Mecánica,Se tensa correa de cabezal superior n°6,00:00:00,00:00:00,0 days 00:00:00,0,Cepillado,
9,2025-09-17,2,FINGER 2 (24 mts),Serv. General,Se fabrica y entrega a operador recipiente para retiro de adhesivo o catalizador,00:00:00,00:00:00,0 days 00:00:00,0,Finger,
9,2025-09-17,2,Planta,Serv. General,Se conectan 2 galones de gas de 45 Kg a calefont de duchas.,00:00:00,00:00:00,0 days 00:00:00,0,Planta,
9,2025-09-17,1,PRENSA GLT N°2 (24 MTS),Mecánica,Se trabaja en taller en 1 cilindro ( soldar cadena y vástago a flange de acople plato,00:00:00,00:00:00,0 days 00:00:00,0,Prensas,
9,2025-09-17,1,Taller,Serv. General,Se repara (suelda) barredor raspador de adhesivo,00:00:00,00:00:00,0 days 00:00:00,0,Taller,
9,2025-09-17,1,FINGER 3,Mecánica,"Se repara vástago de cilindro prensa horizontal de módulo de fresa, se retira y suelda en taller. Queda instalado y probado.",00:25:00,01:45:00,0 days 01:20:00,80,Finger,ACR
9,2025-09-17,1,PRENSA GLT N°2 (24 MTS),Mecánica,Se instala 1 cilindro en prensa y se reparan los hilos de placa de montaje estructura.,00:00:00,00:00:00,0 days 00:00:00,0,Prensas,
9,2025-09-17,1,REX,Neumática,"Se reparan fugas de aire comprimido, cambio de conectores.",00:00:00,00:00:00,0 days 00:00:00,0,Cepillado,
9,2025-09-17,1,Terminaciones,Serv. General,Se repara fresadora enchufe industrial 220v 2P+T,00:00:00,00:00:00,0 days 00:00:00,0,Terminaciones,
9,2025-09-17,1,Terminaciones,Serv. General,Se repara extensión industrial de 220 vac,00:00:00,00:00:00,0 days 00:00:00,0,Terminaciones,
9,2025-09-17,1,Terminaciones,Serv. General,Se entregan 2 extensiones industriales 220 vac 2P+T de 10 metros.,00:00:00,00:00:00,0 days 00:00:00,0,Terminaciones,
9,2025-09-22,1,Nave Prensas GLT,Serv. General,Se cargan con 40 litros de petróleo a los calefactores de glt,00:00:00,00:00:00,0 days 00:00:00,0,Planta,
9,2025-09-22,1,PRENSA CLT,Neumática,Se realiza inspección y reparación de componentes neumáticos que provocan fugas de aire comprimido.,00:00:00,00:00:00,0 days 00:00:00,0,Prensas,
9,2025-09-22,1,PRENSA CLT,Mecánica,Se realiza mantención preventiva a equipo según plan.,00:00:00,00:00:00,0 days 00:00:00,0,Prensas,
9,2025-09-22,1,PRENSA GLT N° 1 (9 MTS),Neumática,"Se cambian conectores M8x3/8"" a cilindros cargadores 1, 2 y 3 por fugas",00:00:00,00:00:00,0 days 00:00:00,0,Prensas,
9,2025-09-22,1,Nave Prensas GLT,Serv. General,Se apoya a operadores en cambio de IBC de adhesivo.,00:00:00,00:00:00,0 days 00:00:00,0,Planta,
9,2025-09-22,1,K2,Eléctrica,Se realiza mantención preventiva según pauta. Se cambia encoder que presentaba anomalías.,00:00:00,00:00:00,0 days 00:00:00,0,CNC,
9,2025-09-22,1,PRENSA GLT CURVA,Eléctrica,Se reemplaza y conecta cable de alimentación de tecle n°2 producto de un corte de cable por mala operación provocando corto circuito.,00:00:00,00:00:00,0 days 00:00:00,0,Prensas,
9,2025-09-22,1,Taller,Mecánica,Se trabaja en soldar cadena a platos de cilindro prensa 2 glt,00:00:00,00:00:00,0 days 00:00:00,0,Taller,
9,2025-09-22,2,PRENSA GLT CURVA,Eléctrica,"Se revisa cableado de brazo articulado de tecle carro n°2, queda operativo",00:00:00,00:00:00,0 days 00:00:00,0,Prensas,
9,2025-09-22,2,MOLDURERA WEINING,Serv. General,Se repara grasera hidrocentrante,00:00:00,00:00:00,0 days 00:00:00,0,Cepillado,
9,2025-09-22,2,FINGER 3,Eléctrica,"Se revisa causa de activación de proteccion guardamotor sierra escuadradora, se retensa y queda operativa.",00:00:00,00:00:00,0 days 00:00:00,0,Finger,
9,2025-09-22,2,Terminaciones,Eléctrica,Se resetea térmico de tablero portátil por sobrecarga en 2 ocasiones.,00:00:00,00:00:00,0 days 00:00:00,0,Terminaciones,
9,2025-09-22,2,PRENSA GLT N°2 (24 MTS),Mecánica,Se trabaja en 5 cargadores verticales (soldar cadena y vástago a flange); Avance: Se instalan 4 cilindros completando 15 cargadores check.,00:00:00,00:00:00,0 days 00:00:00,0,Prensas,
9,2025-09-22,2,REX,Mecánica,Se repara (armar) tuerca de cabezales verticales.,00:00:00,00:00:00,0 days 00:00:00,0,Cepillado,
9,2025-09-22,2,MOLDURERA 1,Serv. General,Se realizan ajustes operacionales por defectos dimensionales (Victor Contreras),00:00:00,00:00:00,0 days 00:00:00,0,Cepillado,
9,2025-09-23,1,Nave Prensas GLT,Serv. General,Se cargan con 40 litros de petróleo a los calefactores de glt,00:00:00,00:00:00,0 days 00:00:00,0,Planta,
9,2025-09-23,1,Encoladora GLT,Mecánica,Se cambia Oring de peine encoladora,00:00:00,00:00:00,0 days 00:00:00,0,Prensas,
9,2025-09-23,1,Encoladora GLT,Serv. General,Se apoya a operadores en fuga de adhesivo desde saca por acople inadecuado,00:00:00,00:00:00,0 days 00:00:00,0,Prensas,
9,2025-09-23,1,PRENSA GLT N°2 (24 MTS),Mecánica,Se trabaja en 2 cargadores verticales (soldar cadena y vástago a flange); Avance: Se instalan 1 cilindro.,00:00:00,00:00:00,0 days 00:00:00,0,Prensas,
9,2025-09-23,1,FINGER 3,Hidráulica,Se entrega a operador 5 litros de aceite hidráulico,00:00:00,00:00:00,0 days 00:00:00,0,Finger,
9,2025-09-23,1,PRENSA CLT,Eléctrica,"Se revisa falla de control que reporta operador (apagado de luces piloto de tablero, no permitiendo ver estados), se resetea térmico.",00:00:00,00:00:00,0 days 00:00:00,0,Prensas,
9,2025-09-23,2,TROZADORA 2 (VERDE),Mecánica,Mantención preventiva Mecánica y Neumática programada,00:00:00,00:00:00,0 days 00:00:00,0,Trozado,
9,2025-09-23,2,TROZADORA 2 (VERDE),Eléctrica,Mantención preventiva Eléctrica programada,00:00:00,00:00:00,0 days 00:00:00,0,Trozado,
9,2025-09-23,2,MOLDURERA WEINING,Mecánica,Se ajustan pernos laterales de zapata,00:00:00,00:00:00,0 days 00:00:00,0,Cepillado,
9,2025-09-23,2,Terminaciones,Eléctrica,Se repara lijadora orbital y se entrega a operadores.,00:00:00,00:00:00,0 days 00:00:00,0,Terminaciones,
9,2025-09-23,2,FINGER 2 (24 mts),Eléctrica,Se revisa activación de protección térmica de motor sierra escuadradora; se resetea y libera la falla.,00:00:00,00:00:00,0 days 00:00:00,0,Finger,
9,2025-09-23,2,PRENSA GLT N°2 (24 MTS),Mecánica,Se instalan 3 cilindros y se trabajan en taller 4 cilindros ( soldar cadena y vástago a flange de acople plato,00:00:00,00:00:00,0 days 00:00:00,0,Prensas,
9,2025-09-23,2,Encoladora GLT,Serv. General,Se fabrica conector y se instala en saca de adhesivo en encoladora.,00:00:00,00:00:00,0 days 00:00:00,0,Prensas,
9,2025-09-23,2,Escuadradora,Mecánica,Retiro de avance cargador móvil por ruptura; se envia a maestranza a reparar.,00:00:00,00:00:00,0 days 00:00:00,0,Trozado,
9,2025-09-24,1,Nave Prensas GLT,Serv. General,Se cargan con 40 litros de petróleo a los calefactores de glt,00:00:00,00:00:00,0 days 00:00:00,0,Planta,
9,2025-09-24,1,Encoladora GLT,Serv. General,Se realiza limpieza de dos peines incrustados de adhesivo. (Op.),00:00:00,00:00:00,0 days 00:00:00,0,Prensas,
9,2025-09-24,1,MOLDURERA WEINING,Mecánica,"Se ajusta mesa de entrada desde cola de milano por soltura percibida por operador, se avisa para revisar en la preventiva de turno día",00:00:00,00:00:00,0 days 00:00:00,0,Cepillado,ACR
9,2025-09-24,1,FINGER 2 (24 mts),Eléctrica,Se revisan relé de activación de válvulas de unidad hidráulica,00:00:00,00:00:00,0 days 00:00:00,0,Finger,
9,2025-09-24,1,FINGER 2 (24 mts),Serv. General,Se apoya a operador en cambio de catalizador y filtro de humedad.,00:00:00,00:00:00,0 days 00:00:00,0,Finger,
9,2025-09-24,1,PRENSA CLT,Eléctrica,Se ajusta límite de carrera en mesa de entrada de prensa,00:00:00,00:00:00,0 days 00:00:00,0,Prensas,
9,2025-09-24,1,FINGER 2 (24 mts),Serv. General,Se apoya a operadores en buscar fresas para equipo por falta de elementos de corte,00:00:00,00:00:00,0 days 00:00:00,0,Finger,
9,2025-09-24,2,PRENSA GLT N°2 (24 MTS),Mecánica,Se instalan 2 cilindros y se trabajan en taller 4 cilindros ( soldar cadena y vástago a flange de acople plato,00:00:00,00:00:00,0 days 00:00:00,0,Prensas,
9,2025-09-24,2,PRENSA GLT N°2 (24 MTS),Hidráulica,Se rellena unidad hidráulica,00:00:00,00:00:00,0 days 00:00:00,0,Prensas,
9,2025-09-24,2,MOLDURERA WEINING,Mecánica,Se fabrican compuertas de acceso para aseo (sopleteo) en protecciones de transmisión correa.,00:00:00,00:00:00,0 days 00:00:00,0,Cepillado,
9,2025-09-24,2,MOLDURERA WEINING,Mecánica,Se realiza mantención preventiva mecánica,00:00:00,00:00:00,0 days 00:00:00,0,Cepillado,
9,2025-09-24,2,MOLDURERA WEINING,Hidráulica,Se realiza inspección y lubricación,00:00:00,00:00:00,0 days 00:00:00,0,Cepillado,
9,2025-09-24,2,Taller,Serv. General,Se abren en la parte superior 2 IBC para residuos de proceso según solicitud,00:00:00,00:00:00,0 days 00:00:00,0,Taller,
9,2025-09-24,2,PRENSA GLT N°2 (24 MTS),Mecánica,Se repasan hilos en base de cilindros retirados para soldar vástagos a flange de fijación plato cargador.,00:00:00,00:00:00,0 days 00:00:00,0,Prensas,
9,2025-09-24,2,Planta,Eléctrica,Se coordina y retiran cables en alimentación a secado desde tablero de distribución para soterrar.,00:00:00,00:00:00,0 days 00:00:00,0,Planta,
9,2025-09-24,2,Planta,Serv. General,"Se trabaja con empresa MASSEBAL en obras civiles de trabajo ""soterrar alimentación cámaras de secado""",00:00:00,00:00:00,0 days 00:00:00,0,Planta,
9,2025-09-25,1,Nave Prensas GLT,Serv. General,Se cargan con 40 litros de petróleo a los calefactores de glt,00:00:00,00:00:00,0 days 00:00:00,0,Planta,
9,2025-09-25,1,PRENSA GLT N°2 (24 MTS),Mecánica,Se instalan 1 cilindro y se retira 1 para trabajar en taller (soldar cadena y vástago a flange de acople a plato),00:00:00,00:00:00,0 days 00:00:00,0,Prensas,
9,2025-09-25,1,FINGER 3,Mecánica,Se suelda ángulo riel de bandeja adhesivo a estructura por desprendimiento desde su base.,00:00:00,00:00:00,0 days 00:00:00,0,Finger,
9,2025-09-25,1,MOLDURERA WEINING,Mecánica,Se termina de instalar primer rodillo inferior de entrada y se apoya a operador en el ajuste de equipo quedando operativo,00:00:00,00:00:00,0 days 00:00:00,0,Cepillado,
9,2025-09-25,1,FINGER 3,Eléctrica,Se inspecciona cableado electrico post amago para dar condición de puesta en marcha segura.,00:00:00,00:00:00,0 days 00:00:00,0,Finger,
9,2025-09-25,1,FINGER 3,Mecánica,Se inspeccionan componentes neumáticos (aire comprimido) y unidad hidraulica y componentes post amago para dar condición de puesta en marcha segura.,00:00:00,00:00:00,0 days 00:00:00,0,Finger,
9,2025-09-25,2,PRENSA GLT CURVA,Eléctrica,Se afianza a estructura cableado de brazo hidráulico tensor,00:00:00,00:00:00,0 days 00:00:00,0,Prensas,
9,2025-09-25,2,FINGER 1 (6 mts),Mecánica,"Se chequea tensión de correas de transmisión de fresas, se decide cambiar correas cabezal oriente y poniente",00:00:00,00:00:00,0 days 00:00:00,0,Finger,
9,2025-09-25,2,FINGER 3,Hidráulica,"- Se desplaza unidad hidraulica para dar acceso a operadores y limpiar equipo.
- Se realiza limpieza de unidad hidráulica",00:00:00,00:00:00,0 days 00:00:00,0,Finger,
9,2025-09-25,2,PRENSA GLT N°2 (24 MTS),Mecánica,Se instalan 2 cilindro y se retira 2 para trabajar en taller (soldar cadena y vástago a flange de acople a plato),00:00:00,00:00:00,0 days 00:00:00,0,Prensas,
9,2025-09-25,2,Terminaciones,Eléctrica,Lijadora orbital; Se cambia cable de alimentación cortado.,00:00:00,00:00:00,0 days 00:00:00,0,Terminaciones,
9,2025-09-25,2,PRENSA GLT N°2 (24 MTS),Mecánica,Se repasan hilos en base de cilindros retirados para soldar vástagos a flange de fijación plato cargador.,00:00:00,00:00:00,0 days 00:00:00,0,Prensas,
9,2025-09-25,2,Taller,Serv. General,Se abren 3 tambores de 200 lts. para utilizar como basurero,00:00:00,00:00:00,0 days 00:00:00,0,Taller,
9,2025-09-25,2,Planta,Serv. General,"Se trabaja con empresa MASSEBAL en obras civiles de trabajo ""soterrar alimentación cámaras de secado""",00:00:00,00:00:00,0 days 00:00:00,0,Planta,
9,2025-09-26,1,Nave Prensas GLT,Serv. General,Se cargan con 40 litros de petróleo a los calefactores de glt,00:00:00,00:00:00,0 days 00:00:00,0,Planta,
9,2025-09-26,1,PRENSA GLT N°2 (24 MTS),Mecánica,"Se instalan 1 cilindro hidráulico, dando por completa la acción de instalar cadena a cada plato cargador y soldar vástago a flange de fijación hacia el plato.",00:00:00,00:00:00,0 days 00:00:00,0,Prensas,
9,2025-09-26,1,Planta,Serv. General,Se realiza limpieza al filtro de agua,00:00:00,00:00:00,0 days 00:00:00,0,Planta,
9,2025-09-29,1,Nave Prensas GLT,Serv. General,Se cargan con 40 litros de petróleo a los calefactores de glt,00:00:00,00:00:00,0 days 00:00:00,0,Planta,
9,2025-09-29,1,FINGER 1 (6 mts),Neumática,Se cambia conector de aire cortado,00:00:00,00:00:00,0 days 00:00:00,0,Finger,
9,2025-09-29,1,MOLDURERA WEINING,Mecánica,Se revisa y tensa correas de cabezales n°5 y n°6; Se reaprietan pernos laterales de zapata ya que se encontró soltura en el conjunto,01:23:00,01:59:00,0 days 00:36:00,36,Cepillado,
9,2025-09-29,1,PBA,Eléctrica,Se fija a estructura switch de seguridad provisoriamente (requiere cambio). Daño producto de golpe con despunte de madera en puerta de acceso.,04:00:00,05:10:00,0 days 01:10:00,70,CNC,ACR
9,2025-09-29,1,MOLDURERA WEINING,Mecánica,Se apoya a operador en ajuste de mesa entrada (operacional). Se Aprietan pernos de mesa y rodillo inferior de entrada,05:13:00,05:48:00,0 days 00:35:00,35,Cepillado,
9,2025-09-29,2,Nave Prensas GLT,Serv. General,Se cargan con 40 litros de petróleo a los calefactores de glt,00:00:00,00:00:00,0 days 00:00:00,0,Planta,
9,2025-09-29,2,PRENSA GLT N°2 (24 MTS),Neumática,Se comienza con instalación de cilindros neumáticos de prensas laterales,00:00:00,00:00:00,0 days 00:00:00,0,Prensas,
9,2025-09-29,2,MOLDURERA WEINING,Mecánica,Se corrige posición de protección de cinta transmisión motor- husillo cabezal lateral,00:00:00,00:00:00,0 days 00:00:00,0,Cepillado,
9,2025-09-29,2,PBA,Neumática,"Se cambia conector curvo de 8mmx1/2""HE quebrado.",00:00:00,00:00:00,0 days 00:00:00,0,CNC,
9,2025-09-29,2,Sistema extracción,Serv. General,Se realizan mediciones de espesor a ducto de extracción,00:00:00,00:00:00,0 days 00:00:00,0,Planta,
9,2025-09-29,2,MOLDURERA WEINING,Mecánica,Por soltura se repasan hilos M10 en base de fijación de zapata inferior y se reaprietan pernos.,00:00:00,00:00:00,0 days 00:00:00,0,Cepillado,
9,2025-09-29,2,Taller,Mecánica,Se comienza a fabricar bandeja para adhesivo según medidas solicitadas por producción.,00:00:00,00:00:00,0 days 00:00:00,0,Taller,
9,2025-09-29,2,TROZADORA 1 (AZUL),Eléctrica,Se realiza mantención preventiva Eléctrica según pauta,00:00:00,00:00:00,0 days 00:00:00,0,Trozado,
9,2025-09-29,2,FINGER 3,Eléctrica,"Se trabaja en restablecer condición de equipo. 
- Se cambio de sensor inductivo de condición de partida avance 
- Se reconectar cables sueltos producto de tirones de cables al momento de la limpieza. 
Proceso de prensado casi listo. Quedó que revisar señal de válvula de unidad hidráulica para retorno de cilindros horizontal.",00:00:00,00:00:00,0 days 00:00:00,0,Finger,
9,2025-09-29,2,PRENSA GLT CURVA,Mecánica,Se modifica abertura de pilar (totem) permitiendo el paso de pletina tensora.,00:00:00,00:00:00,0 days 00:00:00,0,Prensas,
9,2025-09-30,1,Nave Prensas GLT,Serv. General,Se cargan con 40 litros de petróleo a los calefactores de glt,00:00:00,00:00:00,0 days 00:00:00,0,Planta,
9,2025-09-30,1,FINGER 3,Eléctrica,Se repara falla de control electrónico que mantenía equipo detenido desde turno 1,00:00:00,00:00:00,0 days 00:00:00,0,Finger,
9,2025-09-30,2,Nave Prensas GLT,Serv. General,Se rellena calefactor pequeño de glt,00:00:00,00:00:00,0 days 00:00:00,0,Planta,
9,2025-09-30,2,PRENSA GLT N°2 (24 MTS),Hidráulica,Se instala manguera hidráulica faltante a cilindro n°3,00:00:00,00:00:00,0 days 00:00:00,0,Prensas,
9,2025-09-30,2,PRENSA GLT N°2 (24 MTS),Neumática,Se continúa trabajando en instalación de cilindros y válvulas de mando en carros cargadores laterales,00:00:00,00:00:00,0 days 00:00:00,0,Prensas,
9,2025-09-30,2,FINGER 1 (6 mts),Eléctrica,Se realiza mantenimiento preventivo eléctrico según plan,00:00:00,00:00:00,0 days 00:00:00,0,Finger,
9,2025-09-30,2,FINGER 1 (6 mts),Mecánica,Se realiza mantenimiento preventivo mecánico según plan,00:00:00,00:00:00,0 days 00:00:00,0,Finger,
9,2025-09-30,2,FINGER 3,Mecánica,Se continúa trabajando en fabricación de bandeja receptora de adhesivo,00:00:00,00:00:00,0 days 00:00:00,0,Finger,
10,2025-10-01,1,Nave Prensas GLT,Serv. General,Se cargan con 40 litros de petróleo a los calefactores de glt,00:00:00,00:00:00,0 days 00:00:00,0,Planta,
10,2025-10-01,1,PRENSA GLT CURVA,Mecánica,"Se revisan ruedas deslizantes de pilares 28, 28 y 30 por trabamiento de estas con la estructura, se retiran 2 ruedas y se reparan en taller. Pendiente instalar.",00:00:00,00:00:00,0 days 00:00:00,0,Prensas,
10,2025-10-01,1,K2,Eléctrica,Se revisa encoder horizontal de mesa de cabezal fresador y se decide cambiar por error en el posicionamiento. Se aprovecha de realizar mantención preventiva,00:00:00,00:00:00,0 days 00:00:00,0,CNC,
10,2025-10-01,2,PRENSA GLT CURVA,Mecánica,Se instalan 2 ruedas deslizantes que quedaban pendiente de instalar,00:00:00,00:00:00,0 days 00:00:00,0,Prensas,
10,2025-10-01,2,PRENSA GLT N°2 (24 MTS),Mecánica,Se instalan 4 cañerías para tubing de alimentación de aire a válvula de cargadores laterales.,00:00:00,00:00:00,0 days 00:00:00,0,Prensas,
10,2025-10-01,2,Terminaciones,Eléctrica,Se cambia enchufe 220v industrial a cepilladora manual,00:00:00,00:00:00,0 days 00:00:00,0,Terminaciones,
10,2025-10-01,2,Encoladora CLT,Neumática,Se cambia conector recto HE3/8x6mm que se encontró cortado,00:00:00,00:00:00,0 days 00:00:00,0,Prensas,
10,2025-10-01,2,MOLDURERA 1,Mecánica,Se realiza mantención preventiva mecánica según pauta; se retira mesa salida cabezal horizontal inferior para rectificar. EQUIPO QUEDA DETENIDO.,00:00:00,00:00:00,0 days 00:00:00,0,Cepillado,
10,2025-10-01,2,MOLDURERA 1,Eléctrica,"Se realiza mantención preventiva eléctrica según pauta, se cambian botoneras en mal estado.",00:00:00,00:00:00,0 days 00:00:00,0,Cepillado,
10,2025-10-02,1,Nave Prensas GLT,Serv. General,Se cargan con 40 litros de petróleo a los calefactores de glt,00:00:00,00:00:00,0 days 00:00:00,0,Planta,
10,2025-10-02,1,Planta,Serv. General,Se realiza limpieza de filtros a bomba de agua (se encuentra llave de paso rota),00:00:00,00:00:00,0 days 00:00:00,0,Planta,
10,2025-10-02,1,Taller,Eléctrica,Se realiza mantención a esconder retira desde K2,00:00:00,00:00:00,0 days 00:00:00,0,Taller,
10,2025-10-02,2,Terminaciones,Eléctrica,"Mantenedor eléctrico certifica herramientas y equipos eléctricos en terreno. Extensiones, orbitales, lijadoras de banda y tecle electrico.",00:00:00,00:00:00,0 days 00:00:00,0,Terminaciones,
10,2025-10-02,2,PRENSA GLT N°2 (24 MTS),Neumática,Se continúa trabajando en instalación de cilindros y válvulas de mando en carros cargadores laterales,00:00:00,00:00:00,0 days 00:00:00,0,Prensas,
10,2025-10-02,2,FINGER 3,Mecánica,TALLER: Se continúa trabajando en fabricación de bandeja receptora de adhesivo,00:00:00,00:00:00,0 days 00:00:00,0,Finger,
10,2025-10-02,2,Taller,Serv. General,Orden y aseo en taller,00:00:00,00:00:00,0 days 00:00:00,0,Taller,
10,2025-10-02,2,Terminaciones,Eléctrica,"Se repara lijadora orbital makita, cambio de carbones.",00:00:00,00:00:00,0 days 00:00:00,0,Terminaciones,
10,2025-10-02,2,FINGER 1 (6 mts),Mecánica,"Se desmontan sprocket doble motriz y conducido paso 1/2"" - Z 40 de cadena doble con aditamento de transfer.",00:00:00,00:00:00,0 days 00:00:00,0,Finger,
10,2025-10-03,1,FINGER 2 (24 mts),Eléctrica,Se instala base de sensor largo de lamelas a mesa de salida y se deja instalado,00:00:00,00:00:00,0 days 00:00:00,0,Finger,
10,2025-10-03,2,FINGER 3,Mecánica,Se instala bandeja colectora de adhesivo de dimensiones solicitadas 300x500x60; se instala sobre atril de instalación (mesa) de manera que no requiera soldar,00:00:00,00:00:00,0 days 00:00:00,0,Finger,
10,2025-10-03,2,PRENSA GLT N°2 (24 MTS),Neumática,Se continúa trabajando en mejora: Se instala manifold de aire que alimentara a carros prensa cargadores laterales.,00:00:00,00:00:00,0 days 00:00:00,0,Prensas,
10,2025-10-03,2,FINGER 3,Mecánica,Se retiran zapatas de prensa y se estandariza a pernos más cortos para evitar choquen entre sí. Se repasan hilos de base.,00:00:00,00:00:00,0 days 00:00:00,0,Finger,
10,2025-10-03,2,FINGER 1 (6 mts),Mecánica,"Se cambia cadena lado norte (20 metros aprox.), sprocket se encontraban en buen estado. queda operativa",00:00:00,00:00:00,0 days 00:00:00,0,Finger,
10,2025-10-03,2,PRENSA CLT,Eléctrica,Se resetea térmico activado,00:00:00,00:00:00,0 days 00:00:00,0,Prensas,
10,2025-10-03,2,Planta,Eléctrica,Instalación de modulo enchufe doble en sector baños para Totem de autoconsultas.,00:00:00,00:00:00,0 days 00:00:00,0,Planta,
10,2025-10-03,2,MOLDURERA WEINING,Eléctrica,Se asiste con eléctrico de planta a empresa proveedora en demostración de servicio de análisis de vibraciones aplicado a motores de cabezales y de avance,00:00:00,00:00:00,0 days 00:00:00,0,Cepillado,
10,2025-10-03,2,MOLDURERA WEINING,Eléctrica,Se revisa y normaliza contacto en falla de avance en automático.,00:00:00,00:00:00,0 days 00:00:00,0,Cepillado,
10,2025-10-06,1,Planta,Eléctrica,Baños: Se cambia automatico trifasico general de tablero electrico,00:00:00,00:00:00,0 days 00:00:00,0,Planta,
10,2025-10-06,1,Generador Planta,Serv. General,"Relleno y retiro de 30 lts. de petróleo, queda al 100%",00:00:00,00:00:00,0 days 00:00:00,0,Planta,
10,2025-10-06,1,Escuadradora,Mecánica,Se retira brazo móvil de alimentación de rodillo; pieza quebrada. Se enviará a maestranza.,00:00:00,00:00:00,0 days 00:00:00,0,Trozado,
10,2025-10-06,1,PBA,Eléctrica,Se resetea en 2 oportunidades térmico de rodillos de salida por sobre consumo. se revisa sistema mecánico.,00:00:00,00:00:00,0 days 00:00:00,0,CNC,
10,2025-10-06,1,Planta,Serv. General,Grúa horquilla: Se rellena nivel de refrigerante bajo.,00:00:00,00:00:00,0 days 00:00:00,0,Planta,
10,2025-10-06,2,Nave Prensas GLT,Eléctrica,Se retira alimentación eléctrica provisoria que alimentaba a encoladora GLT por trabajos de aplicación espuma poliuretanica.,00:00:00,00:00:00,0 days 00:00:00,0,Planta,
10,2025-10-06,2,Nave Prensas GLT,Neumática,Se retira alimentación neumática provisoria que alimentaba a encoladora GLT por trabajos de aplicación espuma poliuretanica.,00:00:00,00:00:00,0 days 00:00:00,0,Planta,
10,2025-10-06,2,Escuadradora,Mecánica,Taller: brazo de ajuste de altura del avance automático quebrado; Se desarma para enviar a fabricar en maestranza,00:00:00,00:00:00,0 days 00:00:00,0,Trozado,
10,2025-10-06,2,Planta,Eléctrica,Secado: Se realiza conexión eléctrica desde tablero de distribución post trabajos de Soterrado.,00:00:00,00:00:00,0 days 00:00:00,0,Planta,
10,2025-10-06,2,Planta,Serv. General,Se repara PVC de 32mm quebrado a la salida de sala de bombas red de agua planta,00:00:00,00:00:00,0 days 00:00:00,0,Planta,
10,2025-10-06,2,PBA,Neumática,Se cambió conector 8 mm tubing a 3/8 de pulmón de mesa de entrada,00:00:00,00:00:00,0 days 00:00:00,0,CNC,
10,2025-10-07,2,MOLDURERA WEINING,Mecánica,Acoples de eje accionamiento puente levante 1er reductor se desplazan; Se corrige volviendo a posición.,00:00:00,00:00:00,0 days 00:00:00,0,Cepillado,
10,2025-10-07,2,FINGER 3,Eléctrica,Se reubican cables que pasaban por sobre bandeja de adhesivo hacia tablero; Se dejan bajo tablero hacía unidad hidráulica.,00:00:00,00:00:00,0 days 00:00:00,0,Finger,
10,2025-10-07,2,REX,Mecánica,Se realiza mantenimiento preventivo mecánico según plan,00:00:00,00:00:00,0 days 00:00:00,0,Cepillado,
10,2025-10-07,2,REX,Eléctrica,Se realiza mantenimiento preventivo eléctrico según plan,00:00:00,00:00:00,0 days 00:00:00,0,Cepillado,
10,2025-10-07,2,FINGER 3,Eléctrica,Retiro de sensor inductivo que se encontraba fuera de servicio y estaba cableado por sobre bandeja receptáculo de adhesivo,00:00:00,00:00:00,0 days 00:00:00,0,Finger,
10,2025-10-07,2,FINGER 3,Neumática,Ajuste de carrera cilindro,00:00:00,00:00:00,0 days 00:00:00,0,Finger,
10,2025-10-07,2,K2,Hidráulica,Se realiza medición de eficiencia a unidad hidráulica de equipo,00:00:00,00:00:00,0 days 00:00:00,0,CNC,
10,2025-10-07,2,Encoladora prensa curva,Mecánica,Ajuste de tope regulador de altura rodillos,00:00:00,00:00:00,0 days 00:00:00,0,Prensas,
10,2025-10-07,2,FINGER 2 (24 mts),Hidráulica,Se realiza medición de eficiencia a unidad hidráulica de equipo,00:00:00,00:00:00,0 days 00:00:00,0,Finger,
10,2025-10-07,2,FINGER 3,Hidráulica,Se realiza medición de eficiencia a unidad hidráulica de equipo,00:00:00,00:00:00,0 days 00:00:00,0,Finger,
10,2025-10-07,2,PRENSA GLT N° 1 (9 MTS),Hidráulica,Se realiza medición de eficiencia a unidad hidráulica de equipo,00:00:00,00:00:00,0 days 00:00:00,0,Prensas,
10,2025-10-09,2,Pantografo CNC,Eléctrica,Se instala electromandril y se configura,00:00:00,00:00:00,0 days 00:00:00,0,CNC,
10,2025-10-09,2,MOLDURERA 1,Mecánica,Instalación de mesa guía de salida cabezal inferior.,00:00:00,00:00:00,0 days 00:00:00,0,Cepillado,
10,2025-10-09,2,Taller,Hidráulica,Orden y aseo sector lubricantes.,00:00:00,00:00:00,0 days 00:00:00,0,Taller,
10,2025-10-09,2,PRENSA GLT CURVA,Mecánica,Se dejan instalados tótem que están fuera de servicio para evitar extravío de pernería y deterioro de elementos.,00:00:00,00:00:00,0 days 00:00:00,0,Prensas,
10,2025-10-09,2,Escuadradora,Mecánica,Se instala brazo de ajuste en altura a cargador de avance automático,00:00:00,00:00:00,0 days 00:00:00,0,Trozado,
10,2025-10-09,2,K2,Hidráulica,Se realiza medición de eficiencia a unidad hidráulica de equipo,00:00:00,00:00:00,0 days 00:00:00,0,CNC,
10,2025-10-09,2,FINGER 1 (6 mts),Hidráulica,Se realiza medición de eficiencia a unidad hidráulica de equipo,00:00:00,00:00:00,0 days 00:00:00,0,Finger,
10,2025-10-09,2,FINGER 2 (24 mts),Hidráulica,Se realiza medición de eficiencia a unidad hidráulica de equipo,00:00:00,00:00:00,0 days 00:00:00,0,Finger,
10,2025-10-09,2,FINGER 3,Hidráulica,Se realiza medición de eficiencia a unidad hidráulica de equipo,00:00:00,00:00:00,0 days 00:00:00,0,Finger,
10,2025-10-10,1,PBA,Eléctrica,Se resetea térmico de motor accionamiento mesa de salida por sobrecarga.,04:00:00,04:20:00,0 days 00:20:00,20,CNC,
10,2025-10-10,1,PBA,Eléctrica,Se resetea térmico de motor accionamiento mesa de salida por sobrecarga. Se revisa cadena y sprocket encontrando elongación en cadena,01:05:00,01:20:00,0 days 00:15:00,15,CNC,
10,2025-10-10,1,Taller,Mecánica,Se avanza en fabricación de atril porta faldón Nylon para área terminaciones.,00:00:00,00:00:00,0 days 00:00:00,0,Taller,
10,2025-10-10,2,Pantografo CNC,Eléctrica,Se continúa en configuración de electromandril,00:00:00,00:00:00,0 days 00:00:00,0,CNC,
10,2025-10-10,2,Escuadradora,Mecánica,Se modifica altura de brazo de ajuste a cargador de avance automático,00:00:00,00:00:00,0 days 00:00:00,0,Trozado,
10,2025-10-10,2,PRENSA GLT N°2 (24 MTS),Neumática,"Se instalan tubing espiral para alimentación neumática, se conectan 4 prensas laterales.",00:00:00,00:00:00,0 days 00:00:00,0,Prensas,
10,2025-10-10,2,PRENSA GLT N°3 (16 MTS),Hidráulica,Se regula presión de trabajo y se revisa corte de válvula.,00:00:00,00:00:00,0 days 00:00:00,0,Prensas,
10,2025-10-10,2,PRENSA GLT CURVA,Hidráulica,Se realiza mantención correctiva Hidráulica a unidad por derrames de aceite.,00:00:00,00:00:00,0 days 00:00:00,0,Prensas,
10,2025-10-10,2,REX,Serv. General,Se instala cadena para delimitar acceso entre REX y K2 hacia el lado posterior de equipos.,00:00:00,00:00:00,0 days 00:00:00,0,Cepillado,
10,2025-10-13,2,Taller,Serv. General,Orden y levantamiento de repuestos neumaticos.,00:00:00,00:00:00,0 days 00:00:00,0,Taller,
10,2025-10-13,2,K2,Hidráulica,Cambio de aceite a reductor de cabezal,00:00:00,00:00:00,0 days 00:00:00,0,CNC,
10,2025-10-13,2,Taller,Neumática,Cambio de tubing compresor laboratorio y certificacion del equipo,00:00:00,00:00:00,0 days 00:00:00,0,Taller,
10,2025-10-13,2,Taller,Mecánica,Se avanza en fabricacion de atril area terminaciones.,00:00:00,00:00:00,0 days 00:00:00,0,Taller,
10,2025-10-13,2,Taller,Mecánica,"Se fabrica soporte, para FRL sistema neumatico prensa GLT",00:00:00,00:00:00,0 days 00:00:00,0,Taller,
10,2025-10-13,2,Taller,Eléctrica,Se repara conector de control distancia equipo Genie,00:00:00,00:00:00,0 days 00:00:00,0,Taller,
10,2025-10-13,2,Taller,Mecánica,Se realiza reparacion de lijadora,00:00:00,00:00:00,0 days 00:00:00,0,Taller,
10,2025-10-13,2,Taller,Mecánica,Se realiza certificacion de herramientas area Mantencion,00:00:00,00:00:00,0 days 00:00:00,0,Taller,
10,2025-10-15,2,FINGER 3,Mecánica,Se instala protección posterior de equipo,00:00:00,00:00:00,0 days 00:00:00,0,Finger,
10,2025-10-15,2,FINGER 2 (24 mts),Hidráulica,Se realiza cambio de cilindro desplazamiento horizontal prensa.,00:00:00,00:00:00,0 days 00:00:00,0,Finger,
10,2025-10-15,2,Carpa 3,Mecánica,Se instala soporte de extintor.,00:00:00,00:00:00,0 days 00:00:00,0,Planta,
10,2025-10-15,2,MOLDURERA 1,Mecánica,"Se instala guía inferior de entrada, equipo queda operativo.",00:00:00,00:00:00,0 days 00:00:00,0,Cepillado,
10,2025-10-15,2,Taller,Serv. General,Se realiza certificación de tecles.,00:00:00,00:00:00,0 days 00:00:00,0,Taller,
10,2025-10-15,2,Taller,Serv. General,Se ordenan cilindros de gas parte posterior baños.,00:00:00,00:00:00,0 days 00:00:00,0,Taller,
10,2025-10-15,1,Taller,Serv. General,Se realiza orden de taller,00:00:00,00:00:00,0 days 00:00:00,0,Taller,
10,2025-10-15,1,FINGER 3,Neumática,Relleno de FRL sistema neumático de Finger 3,00:00:00,00:00:00,0 days 00:00:00,0,Finger,
10,2025-10-15,1,Nave Prensas GLT,Eléctrica,Se realiza trabajo en enchufes de Prensas GLT,00:00:00,00:00:00,0 days 00:00:00,0,Planta,
10,2025-10-16,2,TROZADORA 1 (AZUL),Mecánica,Se realiza mantencion preventiva segun OM,00:00:00,00:00:00,0 days 00:00:00,0,Trozado,
10,2025-10-16,2,Taller,Neumática,"Se realiza instalacion de TEE 6mm de conexion red de aire neumatica, por retiro de compresor de tornillos.",00:00:00,00:00:00,0 days 00:00:00,0,Taller,
10,2025-10-16,2,Taller,Mecánica,Se realiza mantencion de compresor area laboratorio,00:00:00,00:00:00,0 days 00:00:00,0,Taller,
10,2025-10-16,2,Taller,Serv. General,Se realiza certificacion de herramientas area Mantencion.,00:00:00,00:00:00,0 days 00:00:00,0,Taller,
10,2025-10-17,1,Nave Prensas GLT,Eléctrica,Se realiza instalacion de enchufes industriales 4 c/u .,00:00:00,00:00:00,0 days 00:00:00,0,Planta,
10,2025-10-17,1,Sistema cloracion agua,Mecánica,Se realiza limpieza de fltros.,00:00:00,00:00:00,0 days 00:00:00,0,Planta,
10,2025-10-17,1,Taller,Mecánica,Se realiza cambio de cuchillo a cabezales moldurea SCM.,00:00:00,00:00:00,0 days 00:00:00,0,Taller,
10,2025-10-17,1,Taller,Serv. General,Se realiza orden y aseo.,00:00:00,00:00:00,0 days 00:00:00,0,Taller,
10,2025-10-20,2,Taller,Serv. General,Se realiza orden de conectores neumáticos.,00:00:00,00:00:00,0 days 00:00:00,0,Taller,
10,2025-10-20,2,Taller,Serv. General,Se realiza fabricación y armado de soporte para FRL.,00:00:00,00:00:00,0 days 00:00:00,0,Taller,
10,2025-10-20,2,Encoladora prensa curva,Eléctrica,Se realiza instalación de relé 24dvc para corte de control de equipo en manual y automático.,00:00:00,00:00:00,0 days 00:00:00,0,Prensas,
10,2025-10-20,2,Encoladora GLT,Neumática,Se instala conexión de aire con tubing de 10mm y válvula de bola.,00:00:00,00:00:00,0 days 00:00:00,0,Prensas,
10,2025-10-20,2,Taller,Serv. General,Se realiza reparación y certificación de 02 extenciones para terminaciones.,00:00:00,00:00:00,0 days 00:00:00,0,Taller,
10,2025-10-20,2,PRENSA GLT N°2 (24 MTS),Neumática,Se realiza instalación de FRL con válvulo de corte rápida,00:00:00,00:00:00,0 days 00:00:00,0,Prensas,
10,2025-10-20,2,PRENSA GLT N°2 (24 MTS),Neumática,Se realiza instalación de tubing espirales en todas las válvulas de corte rápido de manifold,00:00:00,00:00:00,0 days 00:00:00,0,Prensas,
10,2025-10-20,2,MOLDURERA 1,Mecánica,Se realiza regulacion cabezales,00:00:00,00:00:00,0 days 00:00:00,0,Cepillado,
10,2025-10-20,2,PRENSA GLT N°2 (24 MTS),Hidráulica,"Se realiza instlacion de RFL, en linea neumatica y vavula de corte rapido",00:00:00,00:00:00,0 days 00:00:00,0,Prensas,
10,2025-10-20,2,Escuadradora,Eléctrica,Se reasea guardamotor,00:00:00,00:00:00,0 days 00:00:00,0,Trozado,
10,2025-10-20,2,Sistema cloracion agua,Eléctrica,Se resetea termico de bomba,00:00:00,00:00:00,0 days 00:00:00,0,Planta,
10,2025-10-21,1,FINGER 3,Neumática,Se rellena FRL de modulo de fresas y prensa.,00:00:00,00:00:00,0 days 00:00:00,0,Finger,
10,2025-10-21,1,K2,Mecánica,"Se destraba carro N°2 lado derecho cilindro vertical, se normaliza y se prueba junto a operador.",00:00:00,00:00:00,0 days 00:00:00,0,CNC,
10,2025-10-21,1,Terminaciones,Serv. General,Se repara y se entrega a operaciones lijadora orbital.,00:00:00,00:00:00,0 days 00:00:00,0,Terminaciones,
10,2025-10-21,2,PBA,Mecánica,Se lubrican cadenas de transmison de mesas de entrada segun OM preventiva,00:00:00,00:00:00,0 days 00:00:00,0,CNC,
10,2025-10-21,2,PBA,Mecánica,Se alinean sprocket y se realiza reaprete de prisioneros en mesas alimentacion y salida,00:00:00,00:00:00,0 days 00:00:00,0,CNC,
10,2025-10-21,2,PBA,Mecánica,Se realiza tensado de cadenas de mesa de alimentacion y salida,00:00:00,00:00:00,0 days 00:00:00,0,CNC,
10,2025-10-21,2,PBA,Mecánica,Se reparan angulos de protecciones mesas de alimentacion y salida,00:00:00,00:00:00,0 days 00:00:00,0,CNC,
10,2025-10-21,2,PBA,Neumática,Se realizan cambio de tubing y conectores de alimentacion neumatica,00:00:00,00:00:00,0 days 00:00:00,0,CNC,
10,2025-10-21,2,PBA,Eléctrica,Se realiza preventivo electrico segun OM,00:00:00,00:00:00,0 days 00:00:00,0,CNC,
10,2025-10-22,1,Escuadradora,Neumática,Se arregla manilla de valvula de bola de manguera de aire,00:00:00,00:00:00,0 days 00:00:00,0,Trozado,
10,2025-10-22,1,Escuadradora,Neumática,Se realiza corte de manguera de aire y unión con acople,00:00:00,00:00:00,0 days 00:00:00,0,Trozado,
10,2025-10-22,1,PBA,Serv. General,"Se instala protecciones de cadenas de mesa entrada, central y salida",00:00:00,00:00:00,0 days 00:00:00,0,CNC,
10,2025-10-22,1,PBA,Eléctrica,"Se limpian tableros eléctricos, reapriete de conexiones, tableros de maquina y accionamiento principal",00:00:00,00:00:00,0 days 00:00:00,0,CNC,
10,2025-10-22,1,Carpa 4,Eléctrica,Se revisa fotocelda de iluminación exterior encontrándose suelta,00:00:00,00:00:00,0 days 00:00:00,0,Planta,
10,2025-10-22,2,PRENSA GLT CURVA,Mecánica,Se lubrican rodamientos lineales y soportes de rodamientos,00:00:00,00:00:00,0 days 00:00:00,0,Prensas,
10,2025-10-22,2,PRENSA GLT CURVA,Hidráulica,Se realiza inspección en unidad hidráulica por posibles fugas y se revisa nivel de aceite,00:00:00,00:00:00,0 days 00:00:00,0,Prensas,
10,2025-10-22,2,PRENSA GLT CURVA,Neumática,Se revisan conectores y se rellena FRL,00:00:00,00:00:00,0 days 00:00:00,0,Prensas,
10,2025-10-22,2,PRENSA GLT CURVA,Mecánica,Se revisan y aprietan pernos de rodamientos de avance en totems,00:00:00,00:00:00,0 days 00:00:00,0,Prensas,
10,2025-10-22,2,PRENSA GLT CURVA,Mecánica,Se realiza lubricación de tornis sin fin,00:00:00,00:00:00,0 days 00:00:00,0,Prensas,
10,2025-10-22,2,PRENSA GLT CURVA,Mecánica,Se realizan trabajos de apriete de pernos y conectores hidráulicos en carros,00:00:00,00:00:00,0 days 00:00:00,0,Prensas,
10,2025-10-22,2,PRENSA GLT CURVA,Mecánica,Se realizan trabajos de apriete de pernos y conectores hidráulicos en unidad hidráulica,00:00:00,00:00:00,0 days 00:00:00,0,Prensas,
10,2025-10-22,2,PRENSA GLT CURVA,Mecánica,Se realiza reparación de tecle monorriel de puente grúa,00:00:00,00:00:00,0 days 00:00:00,0,Prensas,
10,2025-10-22,2,PRENSA GLT CURVA,Mecánica,Se regulan limites de carrera de tecle,00:00:00,00:00:00,0 days 00:00:00,0,Prensas,
10,2025-10-22,2,PRENSA GLT CURVA,Mecánica,Se realiza lubricación en cable acero y zona tambor alojamiento de cable,00:00:00,00:00:00,0 days 00:00:00,0,Prensas,
10,2025-10-23,1,PRENSA GLT CURVA,Mecánica,Se realiza lubricación de todos los husillos,00:00:00,00:00:00,0 days 00:00:00,0,Prensas,
10,2025-10-23,1,Terminaciones,Eléctrica,Se realiza reparación de cable de herramienta router,00:00:00,00:00:00,0 days 00:00:00,0,Terminaciones,
10,2025-10-23,2,PRENSA GLT CURVA,Eléctrica,Se normaliza sentido de giro de tecles monorriel y puente grúa.,00:00:00,00:00:00,0 days 00:00:00,0,Prensas,
10,2025-10-23,2,PRENSA GLT CURVA,Mecánica,Se lubrican rodamientos de totem.,00:00:00,00:00:00,0 days 00:00:00,0,Prensas,
10,2025-10-23,2,PRENSA GLT CURVA,Mecánica,Se lubrican todos los rodamientos de soporte para sin fin.,00:00:00,00:00:00,0 days 00:00:00,0,Prensas,
10,2025-10-23,2,PBA,Mecánica,Se soldan topes prensores de vigas en mesa de trabajo.,00:00:00,00:00:00,0 days 00:00:00,0,CNC,
10,2025-10-23,2,PRENSA GLT CURVA,Mecánica,Regulación de placas reflectantes para sensores reguladores del machón.,00:00:00,00:00:00,0 days 00:00:00,0,Prensas,
10,2025-10-23,2,PBA,Neumática,Se realiza reparación de cañería de iare en mesa de trabajo.,00:00:00,00:00:00,0 days 00:00:00,0,CNC,
10,2025-10-23,2,PRENSA GLT N°2 (24 MTS),Neumática,Se realizan perforaciones y fabricación de hilos para instalación de válvulas neumáticas para cilindros cargadores verticales.,00:00:00,00:00:00,0 days 00:00:00,0,Prensas,
10,2025-10-23,2,PRENSA GLT N°2 (24 MTS),Neumática,Se realiza conexión en los cilindros con tubing de 8mm. y se instala canalización de tubing.,00:00:00,00:00:00,0 days 00:00:00,0,Prensas,
10,2025-10-24,1,FINGER 2 (24 mts),Hidráulica,"Se arma sellos de pistón de vastago de cilindro hidráulico, se instala en prensa, se realizan pruebas de equipo quedando operativo",00:00:00,00:00:00,0 days 00:00:00,0,Finger,
10,2025-10-24,1,Casino,Serv. General,Se realizan trabajos en gas para cocina y se prueba salida de agua caliente en lavavajillas de casino,00:00:00,00:00:00,0 days 00:00:00,0,Planta,
10,2025-10-24,1,Terminaciones,Eléctrica,Se realliza reparación a cable de alimentación de lija de banda,00:00:00,00:00:00,0 days 00:00:00,0,Terminaciones,
10,2025-10-24,1,Nave principal,Otro,"Se realiza capacitación ""Charla procedimiento de comunicación, consulta y quejas",00:00:00,00:00:00,0 days 00:00:00,0,Planta,
10,2025-10-24,2,PRENSA GLT N°2 (24 MTS),Hidráulica,Se realiza instalación de abrazaderas a canalización de tubing de válvulas de cilindros cargadores,00:00:00,00:00:00,0 days 00:00:00,0,Prensas,
10,2025-10-24,2,Taller,Serv. General,Se avanza fabricación de protección para IBC de encoladora prensa curva,00:00:00,00:00:00,0 days 00:00:00,0,Taller,
10,2025-10-24,2,K2,Hidráulica,Se realizan pruebas de funcionamiento en unidad hidráulica,00:00:00,00:00:00,0 days 00:00:00,0,CNC,
10,2025-10-24,2,FINGER 1 (6 mts),Hidráulica,Se realizan pruebas de funcionamiento en unidad hidráulica,00:00:00,00:00:00,0 days 00:00:00,0,Finger,
10,2025-10-24,2,K2,Hidráulica,Se realizan pruebas de rendimiento de unidad hidráuhilica en apoyo a EPS,00:00:00,00:00:00,0 days 00:00:00,0,CNC,
10,2025-10-24,2,FINGER 1 (6 mts),Hidráulica,Se realizan pruebas de rendimiento de unidad hidráuhilica en apoyo a EPS,00:00:00,00:00:00,0 days 00:00:00,0,Finger,
10,2025-10-24,2,PRENSA GLT CURVA,Hidráulica,Se realizan trabajos de ajuste y regulación de prensa,00:00:00,00:00:00,0 days 00:00:00,0,Prensas,
10,2025-10-27,1,Taller,Hidráulica,Se realizan junto a operador pruebas del cilindro hidráulico de Finger 2 para movimiento horizontal,00:00:00,00:00:00,0 days 00:00:00,0,Taller,
10,2025-10-27,1,Taller,Eléctrica,Se realiza en conjunto a mecánico revisión de unidad hidráulica de Finger 2,00:00:00,00:00:00,0 days 00:00:00,0,Taller,
10,2025-10-27,1,PRENSA CLT,Neumática,Se realiza cambio de manifold neumático ya que presenta fuga,00:00:00,00:00:00,0 days 00:00:00,0,Prensas,
10,2025-10-27,1,PRENSA CLT,Neumática,Se realiza revisión de sistema neumático,00:00:00,00:00:00,0 days 00:00:00,0,Prensas,
10,2025-10-27,1,PRENSA CLT,Mecánica,Se encuentran límite de carrera quebrado que corresponde a la salida de cama de polines.,00:00:00,00:00:00,0 days 00:00:00,0,Prensas,
10,2025-10-27,2,PRENSA GLT N°2 (24 MTS),Mecánica,Se retiran vigas para trabajarlas en taller de mantención,00:00:00,00:00:00,0 days 00:00:00,0,Prensas,
10,2025-10-27,2,PBA,Mecánica,"Se realizan trabajos de soldadura, se refuerzan soportes de vigas de apoyo en mesa de trabajo",00:00:00,00:00:00,0 days 00:00:00,0,CNC,
10,2025-10-27,2,Taller,Mecánica,Se sueldan tuercas con hilo a vigas UPN para el montaje de cilindros neumáticos,00:00:00,00:00:00,0 days 00:00:00,0,Taller,
10,2025-10-27,2,Taller,Serv. General,Se termina canastillo de IBC de encoladora de prensa curva,00:00:00,00:00:00,0 days 00:00:00,0,Taller,
10,2025-10-28,1,Casino,Eléctrica,Se realiza revisión de enchufe doble y se instala extensión eléctrica,00:00:00,00:00:00,0 days 00:00:00,0,Planta,
10,2025-10-28,1,Taller,Serv. General,Se actualizan DDS de taller mantención,00:00:00,00:00:00,0 days 00:00:00,0,Taller,
10,2025-10-28,1,Taller,Serv. General,Se realiza aseo y orden al interior y exterior de taller mantención,00:00:00,00:00:00,0 days 00:00:00,0,Taller,
10,2025-10-28,1,Taller,Mecánica,"Se realiza cambio de ruedas de carro en taller, queda lubricado",00:00:00,00:00:00,0 days 00:00:00,0,Taller,
10,2025-10-28,1,Planta,Serv. General,Se realiza ronda nocturna en planta para ver estado de equipos,00:00:00,00:00:00,0 days 00:00:00,0,Planta,
10,2025-10-28,2,K2,Mecánica,Se realiza mantencion preventiva mecanica segun OM 63574892,00:00:00,00:00:00,0 days 00:00:00,0,CNC,
10,2025-10-28,2,K2,Neumática,Se realiza retiro de 4 c/u cilindros neumaticos y se envian a reparacion por fuga en sellos vastago,00:00:00,00:00:00,0 days 00:00:00,0,CNC,
10,2025-10-28,2,K2,Hidráulica,Se realiza inspeccion de circuito hidraulico,00:00:00,00:00:00,0 days 00:00:00,0,CNC,
10,2025-10-28,2,K2,Eléctrica,Se realiza mantencion preventiva electrica bajo OM 63574891,00:00:00,00:00:00,0 days 00:00:00,0,CNC,
10,2025-10-28,2,PRENSA GLT N°2 (24 MTS),Neumática,Se realiza instalacion de red neumatica a 4 c/u cargadores frontales,00:00:00,00:00:00,0 days 00:00:00,0,Prensas,
10,2025-10-28,2,PRENSA GLT N°2 (24 MTS),Mecánica,Se ajustan ruedas de carros cargadores,00:00:00,00:00:00,0 days 00:00:00,0,Prensas,
10,2025-10-28,2,Taller,Serv. General,Se realiza charla de seguridad en el area Mantencion(caminata),00:00:00,00:00:00,0 days 00:00:00,0,Taller,
10,2025-10-29,1,Taller,Serv. General,Se cortan tapas de tambores de aceite y trasvasije de aceites,00:00:00,00:00:00,0 days 00:00:00,0,Taller,
10,2025-10-29,1,Sala de bombas,Hidráulica,Se realiza limpieza de filtros de bombas de agua,00:00:00,00:00:00,0 days 00:00:00,0,Planta,
10,2025-10-29,1,Taller,Serv. General,Se realizan perforaciones y se pinta estructura para protección de IBC,00:00:00,00:00:00,0 days 00:00:00,0,Taller,
10,2025-10-29,1,Taller,Serv. General,"Se realiza aseo y orden en taller, mesón de corte y soldaduras",00:00:00,00:00:00,0 days 00:00:00,0,Taller,
10,2025-10-29,1,Terminaciones,Eléctrica,Se repara extensión para personal de terminaciones,00:00:00,00:00:00,0 days 00:00:00,0,Terminaciones,
10,2025-10-29,1,Taller,Mecánica,Se rellena radiador de grúa horquilla al presentar alta t°,00:00:00,00:00:00,0 days 00:00:00,0,Taller,
10,2025-10-29,1,Sala de bombas,Hidráulica,"Revisión de bombas por baja de presión en casino, se estabiliza presión de agua",00:00:00,00:00:00,0 days 00:00:00,0,Planta,
10,2025-10-29,2,Sistema extracción,Mecánica,Se realiza preventiva mecanica segun OM 63575239,00:00:00,00:00:00,0 days 00:00:00,0,Planta,
10,2025-10-29,2,Sistema extracción,Mecánica,"Se realiza cambio de rodamientos a ambos Motores del sistema de extraccion, revision de poleas, estado de correas, lubricacion de soportes y revision de estructura en general",00:00:00,00:00:00,0 days 00:00:00,0,Planta,
10,2025-10-29,2,Sistema extracción,Eléctrica,"Se realiza Mantecion preventiva Electrica bajo OM 63575240, medicion de corriente, reaprete de conectores , limpieza de aspas ventilador.",00:00:00,00:00:00,0 days 00:00:00,0,Planta,
10,2025-10-29,2,Encoladora Prensa curva,Mecánica,Se realiza fabricacion e instlacion de canastillo de seguridad de atril porta IBC,00:00:00,00:00:00,0 days 00:00:00,0,Prensas,
10,2025-10-29,2,Encoladora GLT,Mecánica,"Se realiza levantamiento de atril porta IBC, para contar con opcion de realizar cambio en proceso y no detener encolado por ingreso de grua",00:00:00,00:00:00,0 days 00:00:00,0,Prensas,
10,2025-10-30,1,Casino,Serv. General,Se asiste a charla de comité paritario,00:00:00,00:00:00,0 days 00:00:00,0,Planta,
10,2025-10-30,1,Taller,Mecánica,Se cambian y pintan ruedas a carro de arrastre fuera del taller,00:00:00,00:00:00,0 days 00:00:00,0,Taller,
10,2025-10-30,1,Taller,Eléctrica,Se repara extensión eléctrica de 220V de taller,00:00:00,00:00:00,0 days 00:00:00,0,Taller,
10,2025-10-30,1,Taller,Serv. General,Se realizan labores de aseo y orden al interior y exterior de taller,00:00:00,00:00:00,0 days 00:00:00,0,Taller,
10,2025-10-30,1,Taller,Serv. General,Se realiza trasvasije de aceites usados,00:00:00,00:00:00,0 days 00:00:00,0,Taller,
10,2025-10-30,2,MOLDURERA WEINING,Mecánica,"Se realiza preventiva Mecanica segun OM 63575734, se revisan sistema de transmision , correas, mesas de alimentacion, cargadores.",00:00:00,00:00:00,0 days 00:00:00,0,Cepillado,
10,2025-10-30,2,MOLDURERA WEINING,Lubricación,Se realiza lubricacion general de equipo segun OM preventiva 63575736,00:00:00,00:00:00,0 days 00:00:00,0,Cepillado,
10,2025-10-30,2,MOLDURERA WEINING,Eléctrica,"Se realiza mantencion preventiva Electrica segun OM 63575735, Mantencion de motores, medicion de corrientes, limpieza de aspas ventiladores, reaprete de caja de conexion.",00:00:00,00:00:00,0 days 00:00:00,0,Cepillado,
10,2025-10-30,2,Encoladora Prensa curva,Mecánica,Se avanza en fabricacion de atril de IBC encoladora,00:00:00,00:00:00,0 days 00:00:00,0,Prensas,
10,2025-10-30,2,Taller,Mecánica,Se fabrica atril de manguera aire comprimido sala de compresores,00:00:00,00:00:00,0 days 00:00:00,0,Taller,
10,2025-10-30,2,Planta,Mecánica,"Se realiza ronda con CGE por evento de corte de energia en planta, linea de MT.",00:00:00,00:00:00,0 days 00:00:00,0,Planta,
11,2025-11-03,2,PBA,Mecánica,Se instala descanso P211 de mesa entrada lado oriente,00:00:00,00:00:00,0 days 00:00:00,0,CNC,
11,2025-11-03,2,PRENSA GLT N°2 (24 MTS),Neumática,"Se instalan reguladores de flujo y tubing de 6 mm, se deja normalizado con sistema de amarras plasticas.",00:00:00,00:00:00,0 days 00:00:00,0,Prensas,
11,2025-11-03,2,Taller,Mecánica,Se avanza en fabricacion de atril IBC prensa curva,00:00:00,00:00:00,0 days 00:00:00,0,Taller,
11,2025-11-03,2,Taller,Mecánica,Se termina soporte de manguera aire comprimido sala compresores,00:00:00,00:00:00,0 days 00:00:00,0,Taller,
11,2025-11-03,2,Bodega,Eléctrica,Se avanza en instalacion de alumbrado contenedores,00:00:00,00:00:00,0 days 00:00:00,0,Planta,
11,2025-11-03,2,Casino,Eléctrica,"Se realiza levantamiento, para instalacion electrica, alumbrado y sistema de enchufe",00:00:00,00:00:00,0 days 00:00:00,0,Planta,
11,2025-11-03,2,Taller,Eléctrica,Se realiza instalacion de cableado sala hacia taller,00:00:00,00:00:00,0 days 00:00:00,0,Taller,
11,2025-11-03,2,Taller,Eléctrica,Se retira cable de conexion desde generador hacia empalme alimentacion electrica,00:00:00,00:00:00,0 days 00:00:00,0,Taller,
11,2025-11-04,2,Taller,Mecánica,Se avanza en fabricacion de atril IBC prensa curva,00:00:00,00:00:00,0 days 00:00:00,0,Taller,
11,2025-11-04,2,Taller,Mecánica,"Se realiza fabricacion de lainas, para alineacion topografica de prensa curva, trabajo continuara mañana",00:00:00,00:00:00,0 days 00:00:00,0,Taller,
11,2025-11-04,2,PRENSA GLT CURVA,Mecánica,"Se realiza soltura de pernos de anclaje, para revision de niveles horizontales de rieles porta totem",00:00:00,00:00:00,0 days 00:00:00,0,Prensas,
11,2025-11-04,2,Sala de compresores,Mecánica,Se realiza fabricacion de porta red aire comprimido,00:00:00,00:00:00,0 days 00:00:00,0,Planta,
11,2025-11-04,2,Bodega,Eléctrica,Se realiza instalacion de iluminaria en contenedor de bodega,00:00:00,00:00:00,0 days 00:00:00,0,Planta,
11,2025-11-04,2,Casino,Eléctrica,Se trabaja en levantamiento electrico de circuito,00:00:00,00:00:00,0 days 00:00:00,0,Planta,
11,2025-11-04,2,Terminaciones,Eléctrica,Se realiza reparacion de extension electrica,00:00:00,00:00:00,0 days 00:00:00,0,Terminaciones,
11,2025-11-04,2,Casino,Eléctrica,"Se revisa equipo de casino baño maria y se deje fuera por estar a masa, se informa al area de servicios generales",00:00:00,00:00:00,0 days 00:00:00,0,Planta,
11,2025-11-04,2,PRENSA GLT CURVA,Serv. General,"Se trabaja junto a Eps Saw Mill en levantamiento topografico de prensa curva, trabajos continuaran mañana Miercoles.",00:00:00,00:00:00,0 days 00:00:00,0,Prensas,
11,2025-11-04,2,K2,Mecánica,Se realiza instalacion de 4 c/u cilindros neumaticos de sistema de aprete vertical,00:00:00,00:00:00,0 days 00:00:00,0,CNC,
11,2025-11-05,2,K2,Mecánica,asdasdas,00:00:00,00:00:00,0 days 00:00:00,0,CNC,
11,2025-11-06,2,K2,Mecánica,sadasdasdasd,00:00:00,00:00:00,0 days 00:00:00,0,CNC,
